WVLS(um),SZA,H(km)|(-m),Dif_Down,Dir_Down,TotalDown,Total_Up,Up/Down,,,,,,,,
0.3,66.8,0,1.23E-02,1.42E-04,1.24E-02,7.48E-04,0.0602,,,,,,,,
0.305,66.8,0,1.20E+00,3.10E-02,1.23E+00,8.63E-02,0.0704,,,,,,,,
0.31,66.8,0,5.86E+00,2.05E-01,6.07E+00,4.54E-01,0.0748,,,,,,,,
0.315,66.8,0,3.52E+01,1.46E+00,3.67E+01,2.84E+00,0.0773,,,,,,,,
0.32,66.8,0,5.18E+01,2.48E+00,5.42E+01,4.31E+00,0.0794,,,,,,,,
0.325,66.8,0,7.38E+01,4.01E+00,7.78E+01,6.33E+00,0.0814,,,,,,,,
0.33,66.8,0,1.62E+02,9.86E+00,1.72E+02,1.43E+01,0.0835,,,,,,,,
0.335,66.8,0,1.27E+02,8.72E+00,1.36E+02,1.16E+01,0.0853,,,,,,,,
0.34,66.8,0,1.70E+02,1.32E+01,1.83E+02,1.60E+01,0.0872,,,,,,,,
0.345,66.8,0,1.59E+02,1.37E+01,1.72E+02,1.53E+01,0.0891,,,,,,,,
0.35,66.8,0,1.74E+02,1.67E+01,1.91E+02,1.74E+01,0.091,,,,,,,,
0.355,66.8,0,1.64E+02,1.74E+01,1.82E+02,1.69E+01,0.0928,,,,,,,,
0.36,66.8,0,1.68E+02,1.95E+01,1.88E+02,1.78E+01,0.0948,,,,,,,,
0.365,66.8,0,1.77E+02,2.23E+01,1.99E+02,1.93E+01,0.097,,,,,,,,
0.37,66.8,0,1.86E+02,2.54E+01,2.11E+02,2.10E+01,0.0992,,,,,,,,
0.375,66.8,0,1.60E+02,2.36E+01,1.84E+02,1.87E+01,0.1017,,,,,,,,
0.38,66.8,0,1.76E+02,2.79E+01,2.04E+02,2.12E+01,0.1043,,,,,,,,
0.385,66.8,0,1.60E+02,2.72E+01,1.87E+02,1.98E+01,0.1057,,,,,,,,
0.39,66.8,0,2.19E+02,3.99E+01,2.59E+02,2.77E+01,0.107,,,,,,,,
0.395,66.8,0,2.21E+02,4.28E+01,2.64E+02,2.86E+01,0.1082,,,,,,,,
0.4,66.8,0,2.66E+02,5.47E+01,3.21E+02,3.51E+01,0.1094,,,,,,,,
0.405,66.8,0,2.66E+02,5.80E+01,3.24E+02,3.54E+01,0.1093,,,,,,,,
0.41,66.8,0,2.55E+02,5.87E+01,3.14E+02,3.42E+01,0.1092,,,,,,,,
0.415,66.8,0,2.82E+02,6.84E+01,3.51E+02,3.84E+01,0.1095,,,,,,,,
0.42,66.8,0,2.83E+02,7.22E+01,3.55E+02,3.90E+01,0.1097,,,,,,,,
0.425,66.8,0,2.85E+02,7.64E+01,3.62E+02,3.98E+01,0.1101,,,,,,,,
0.43,66.8,0,2.07E+02,5.79E+01,2.65E+02,2.92E+01,0.1105,,,,,,,,
0.435,66.8,0,2.77E+02,8.12E+01,3.58E+02,3.96E+01,0.1107,,,,,,,,
0.44,66.8,0,2.94E+02,9.02E+01,3.84E+02,4.26E+01,0.1109,,,,,,,,
0.445,66.8,0,3.15E+02,1.01E+02,4.16E+02,4.65E+01,0.1118,,,,,,,,
0.45,66.8,0,3.47E+02,1.16E+02,4.62E+02,5.21E+01,0.1126,,,,,,,,
0.455,66.8,0,3.31E+02,1.15E+02,4.46E+02,5.02E+01,0.1127,,,,,,,,
0.46,66.8,0,3.35E+02,1.21E+02,4.55E+02,5.14E+01,0.1129,,,,,,,,
0.465,66.8,0,3.32E+02,1.24E+02,4.56E+02,5.18E+01,0.1135,,,,,,,,
0.47,66.8,0,3.16E+02,1.22E+02,4.38E+02,5.00E+01,0.1141,,,,,,,,
0.475,66.8,0,3.31E+02,1.33E+02,4.63E+02,5.29E+01,0.1142,,,,,,,,
0.48,66.8,0,3.32E+02,1.38E+02,4.69E+02,5.37E+01,0.1144,,,,,,,,
0.485,66.8,0,3.11E+02,1.33E+02,4.44E+02,5.09E+01,0.1145,,,,,,,,
0.49,66.8,0,3.24E+02,1.43E+02,4.67E+02,5.35E+01,0.1145,,,,,,,,
0.495,66.8,0,3.23E+02,1.47E+02,4.70E+02,5.34E+01,0.1137,,,,,,,,
0.5,66.8,0,3.09E+02,1.45E+02,4.55E+02,5.13E+01,0.1129,,,,,,,,
0.505,66.8,0,3.06E+02,1.48E+02,4.54E+02,5.04E+01,0.1112,,,,,,,,
0.51,66.8,0,3.04E+02,1.52E+02,4.56E+02,5.01E+01,0.1099,,,,,,,,
0.515,66.8,0,3.00E+02,1.53E+02,4.53E+02,4.95E+01,0.1092,,,,,,,,
0.52,66.8,0,2.86E+02,1.51E+02,4.37E+02,4.78E+01,0.1094,,,,,,,,
0.525,66.8,0,3.03E+02,1.64E+02,4.67E+02,5.11E+01,0.1095,,,,,,,,
0.53,66.8,0,2.95E+02,1.64E+02,4.58E+02,5.01E+01,0.1094,,,,,,,,
0.535,66.8,0,2.91E+02,1.66E+02,4.57E+02,4.99E+01,0.1093,,,,,,,,
0.54,66.8,0,2.69E+02,1.57E+02,4.26E+02,4.66E+01,0.1093,,,,,,,,
0.545,66.8,0,2.82E+02,1.69E+02,4.52E+02,4.91E+01,0.1088,,,,,,,,
0.55,66.8,0,2.78E+02,1.71E+02,4.49E+02,4.85E+01,0.1081,,,,,,,,
0.555,66.8,0,2.79E+02,1.75E+02,4.54E+02,4.90E+01,0.1079,,,,,,,,
0.56,66.8,0,2.65E+02,1.70E+02,4.34E+02,4.68E+01,0.1078,,,,,,,,
0.565,66.8,0,2.60E+02,1.70E+02,4.30E+02,4.62E+01,0.1076,,,,,,,,
0.57,66.8,0,2.44E+02,1.64E+02,4.07E+02,4.34E+01,0.1065,,,,,,,,
0.575,66.8,0,2.46E+02,1.69E+02,4.15E+02,4.40E+01,0.1059,,,,,,,,
0.58,66.8,0,2.49E+02,1.74E+02,4.23E+02,4.46E+01,0.1053,,,,,,,,
0.585,66.8,0,2.52E+02,1.79E+02,4.31E+02,4.51E+01,0.1046,,,,,,,,
0.59,66.8,0,2.10E+02,1.53E+02,3.64E+02,3.73E+01,0.1026,,,,,,,,
0.595,66.8,0,2.22E+02,1.65E+02,3.87E+02,3.95E+01,0.1022,,,,,,,,
0.6,66.8,0,2.36E+02,1.78E+02,4.14E+02,4.25E+01,0.1025,,,,,,,,
0.605,66.8,0,2.43E+02,1.85E+02,4.28E+02,4.40E+01,0.1027,,,,,,,,
0.61,66.8,0,2.37E+02,1.84E+02,4.21E+02,4.32E+01,0.1028,,,,,,,,
0.615,66.8,0,2.37E+02,1.87E+02,4.24E+02,4.36E+01,0.1029,,,,,,,,
0.62,66.8,0,2.36E+02,1.90E+02,4.26E+02,4.38E+01,0.1029,,,,,,,,
0.625,66.8,0,2.23E+02,1.83E+02,4.06E+02,4.18E+01,0.1029,,,,,,,,
0.63,66.8,0,2.17E+02,1.81E+02,3.98E+02,4.09E+01,0.1026,,,,,,,,
0.635,66.8,0,2.23E+02,1.89E+02,4.12E+02,4.24E+01,0.1029,,,,,,,,
0.64,66.8,0,2.25E+02,1.94E+02,4.19E+02,4.33E+01,0.1032,,,,,,,,
0.645,66.8,0,2.23E+02,1.95E+02,4.18E+02,4.31E+01,0.1031,,,,,,,,
0.65,66.8,0,2.12E+02,1.89E+02,4.02E+02,4.14E+01,0.1029,,,,,,,,
0.655,66.8,0,2.02E+02,1.83E+02,3.84E+02,3.95E+01,0.1027,,,,,,,,
0.66,66.8,0,2.17E+02,1.99E+02,4.16E+02,4.29E+01,0.1032,,,,,,,,
0.665,66.8,0,2.18E+02,2.03E+02,4.21E+02,4.36E+01,0.1035,,,,,,,,
0.67,66.8,0,2.16E+02,2.03E+02,4.19E+02,4.35E+01,0.1036,,,,,,,,
0.675,66.8,0,2.14E+02,2.04E+02,4.17E+02,4.33E+01,0.1037,,,,,,,,
0.68,66.8,0,2.11E+02,2.04E+02,4.15E+02,4.31E+01,0.1038,,,,,,,,
0.685,66.8,0,2.04E+02,2.01E+02,4.05E+02,4.20E+01,0.1038,,,,,,,,
0.69,66.8,0,1.70E+02,1.71E+02,3.40E+02,3.50E+01,0.1029,,,,,,,,
0.695,66.8,0,1.73E+02,1.76E+02,3.49E+02,3.57E+01,0.1024,,,,,,,,
0.7,66.8,0,1.72E+02,1.78E+02,3.49E+02,3.58E+01,0.1025,,,,,,,,
0.705,66.8,0,1.78E+02,1.86E+02,3.63E+02,3.74E+01,0.1028,,,,,,,,
0.71,66.8,0,1.77E+02,1.87E+02,3.65E+02,3.75E+01,0.1029,,,,,,,,
0.715,66.8,0,1.73E+02,1.85E+02,3.58E+02,3.68E+01,0.1028,,,,,,,,
0.72,66.8,0,1.11E+02,1.21E+02,2.32E+02,2.29E+01,0.0988,,,,,,,,
0.725,66.8,0,1.33E+02,1.47E+02,2.80E+02,2.82E+01,0.1006,,,,,,,,
0.73,66.8,0,1.35E+02,1.51E+02,2.86E+02,2.89E+01,0.1011,,,,,,,,
0.735,66.8,0,1.62E+02,1.81E+02,3.43E+02,3.53E+01,0.1029,,,,,,,,
0.74,66.8,0,1.65E+02,1.86E+02,3.51E+02,3.64E+01,0.1035,,,,,,,,
0.745,66.8,0,1.74E+02,1.98E+02,3.72E+02,3.88E+01,0.1041,,,,,,,,
0.75,66.8,0,1.73E+02,1.98E+02,3.71E+02,3.87E+01,0.1042,,,,,,,,
0.755,66.8,0,1.72E+02,1.99E+02,3.71E+02,3.87E+01,0.1043,,,,,,,,
0.76,66.8,0,3.09E+01,3.73E+01,6.82E+01,6.52E+00,0.0957,,,,,,,,
0.765,66.8,0,8.72E+01,1.06E+02,1.93E+02,1.95E+01,0.1009,,,,,,,,
0.77,66.8,0,1.61E+02,1.92E+02,3.53E+02,3.68E+01,0.1043,,,,,,,,
0.775,66.8,0,1.62E+02,1.95E+02,3.57E+02,3.73E+01,0.1045,,,,,,,,
0.78,66.8,0,1.60E+02,1.96E+02,3.56E+02,3.72E+01,0.1045,,,,,,,,
0.785,66.8,0,1.58E+02,1.94E+02,3.52E+02,3.68E+01,0.1045,,,,,,,,
0.79,66.8,0,1.43E+02,1.80E+02,3.23E+02,3.35E+01,0.1037,,,,,,,,
0.795,66.8,0,1.44E+02,1.83E+02,3.27E+02,3.41E+01,0.1041,,,,,,,,
0.8,66.8,0,1.40E+02,1.79E+02,3.19E+02,3.31E+01,0.1039,,,,,,,,
0.805,66.8,0,1.41E+02,1.82E+02,3.22E+02,3.36E+01,0.1042,,,,,,,,
0.81,66.8,0,1.37E+02,1.78E+02,3.15E+02,3.27E+01,0.1041,,,,,,,,
0.815,66.8,0,1.14E+02,1.51E+02,2.65E+02,2.72E+01,0.1026,,,,,,,,
0.82,66.8,0,1.14E+02,1.52E+02,2.66E+02,2.74E+01,0.1029,,,,,,,,
0.825,66.8,0,1.25E+02,1.68E+02,2.92E+02,3.03E+01,0.1036,,,,,,,,
0.83,66.8,0,1.19E+02,1.61E+02,2.79E+02,2.89E+01,0.1033,,,,,,,,
0.835,66.8,0,1.25E+02,1.71E+02,2.95E+02,3.07E+01,0.104,,,,,,,,
0.84,66.8,0,1.26E+02,1.74E+02,2.99E+02,3.12E+01,0.1042,,,,,,,,
0.845,66.8,0,1.29E+02,1.79E+02,3.07E+02,3.21E+01,0.1046,,,,,,,,
0.85,66.8,0,1.22E+02,1.71E+02,2.93E+02,3.07E+01,0.1046,,,,,,,,
0.855,66.8,0,1.13E+02,1.59E+02,2.71E+02,2.84E+01,0.1047,,,,,,,,
0.86,66.8,0,1.26E+02,1.79E+02,3.06E+02,3.21E+01,0.105,,,,,,,,
0.865,66.8,0,1.22E+02,1.75E+02,2.97E+02,3.12E+01,0.1051,,,,,,,,
0.87,66.8,0,1.23E+02,1.78E+02,3.02E+02,3.17E+01,0.1051,,,,,,,,
0.875,66.8,0,1.23E+02,1.80E+02,3.03E+02,3.18E+01,0.1051,,,,,,,,
0.88,66.8,0,1.19E+02,1.75E+02,2.94E+02,3.09E+01,0.105,,,,,,,,
0.885,66.8,0,1.17E+02,1.75E+02,2.92E+02,3.07E+01,0.1049,,,,,,,,
0.89,66.8,0,1.15E+02,1.73E+02,2.87E+02,3.01E+01,0.1049,,,,,,,,
0.895,66.8,0,9.20E+01,1.41E+02,2.33E+02,2.40E+01,0.1032,,,,,,,,
0.9,66.8,0,6.39E+01,1.00E+02,1.64E+02,1.65E+01,0.1003,,,,,,,,
0.905,66.8,0,8.44E+01,1.32E+02,2.16E+02,2.23E+01,0.1031,,,,,,,,
0.91,66.8,0,6.11E+01,9.76E+01,1.59E+02,1.60E+01,0.1007,,,,,,,,
0.915,66.8,0,6.20E+01,9.98E+01,1.62E+02,1.63E+01,0.1009,,,,,,,,
0.92,66.8,0,7.95E+01,1.27E+02,2.07E+02,2.14E+01,0.1033,,,,,,,,
0.925,66.8,0,6.96E+01,1.13E+02,1.83E+02,1.87E+01,0.1026,,,,,,,,
0.93,66.8,0,3.87E+01,6.39E+01,1.03E+02,1.00E+01,0.0978,,,,,,,,
0.935,66.8,0,9.53E+00,1.49E+01,2.44E+01,2.17E+00,0.089,,,,,,,,
0.94,66.8,0,3.79E+01,6.40E+01,1.02E+02,9.92E+00,0.0973,,,,,,,,
0.945,66.8,0,2.03E+01,3.40E+01,5.43E+01,5.12E+00,0.0942,,,,,,,,
0.95,66.8,0,2.55E+01,4.33E+01,6.88E+01,6.60E+00,0.0958,,,,,,,,
0.955,66.8,0,2.95E+01,5.07E+01,8.01E+01,7.78E+00,0.097,,,,,,,,
0.96,66.8,0,3.96E+01,6.88E+01,1.08E+02,1.07E+01,0.0989,,,,,,,,
0.965,66.8,0,4.67E+01,8.19E+01,1.29E+02,1.29E+01,0.1002,,,,,,,,
0.97,66.8,0,6.95E+01,1.21E+02,1.90E+02,1.97E+01,0.1035,,,,,,,,
0.975,66.8,0,5.66E+01,1.00E+02,1.57E+02,1.60E+01,0.102,,,,,,,,
0.98,66.8,0,7.20E+01,1.27E+02,1.99E+02,2.07E+01,0.1038,,,,,,,,
0.985,66.8,0,7.99E+01,1.42E+02,2.22E+02,2.32E+01,0.1046,,,,,,,,
0.99,66.8,0,8.38E+01,1.50E+02,2.33E+02,2.45E+01,0.1051,,,,,,,,
0.995,66.8,0,8.47E+01,1.52E+02,2.37E+02,2.50E+01,0.1055,,,,,,,,
1,66.8,0,8.25E+01,1.50E+02,2.32E+02,2.44E+01,0.1053,,,,,,,,
1.005,66.8,0,8.10E+01,1.48E+02,2.29E+02,2.41E+01,0.1052,,,,,,,,
1.01,66.8,0,7.80E+01,1.44E+02,2.22E+02,2.33E+01,0.105,,,,,,,,
1.015,66.8,0,7.98E+01,1.48E+02,2.28E+02,2.40E+01,0.1053,,,,,,,,
1.02,66.8,0,7.72E+01,1.44E+02,2.21E+02,2.33E+01,0.1053,,,,,,,,
1.025,66.8,0,7.63E+01,1.44E+02,2.20E+02,2.32E+01,0.1053,,,,,,,,
1.03,66.8,0,7.62E+01,1.44E+02,2.20E+02,2.33E+01,0.1055,,,,,,,,
1.035,66.8,0,7.55E+01,1.44E+02,2.19E+02,2.32E+01,0.1056,,,,,,,,
1.04,66.8,0,7.47E+01,1.43E+02,2.18E+02,2.30E+01,0.1055,,,,,,,,
1.045,66.8,0,7.38E+01,1.43E+02,2.17E+02,2.29E+01,0.1055,,,,,,,,
1.05,66.8,0,7.19E+01,1.40E+02,2.12E+02,2.24E+01,0.1054,,,,,,,,
1.055,66.8,0,6.87E+01,1.35E+02,2.04E+02,2.15E+01,0.1053,,,,,,,,
1.06,66.8,0,6.66E+01,1.32E+02,1.99E+02,2.09E+01,0.1052,,,,,,,,
1.065,66.8,0,6.48E+01,1.30E+02,1.95E+02,2.04E+01,0.105,,,,,,,,
1.07,66.8,0,6.35E+01,1.28E+02,1.92E+02,2.01E+01,0.1048,,,,,,,,
1.075,66.8,0,6.25E+01,1.27E+02,1.89E+02,1.98E+01,0.1048,,,,,,,,
1.08,66.8,0,5.83E+01,1.19E+02,1.77E+02,1.85E+01,0.1043,,,,,,,,
1.085,66.8,0,5.42E+01,1.11E+02,1.66E+02,1.72E+01,0.104,,,,,,,,
1.09,66.8,0,5.33E+01,1.10E+02,1.64E+02,1.70E+01,0.1039,,,,,,,,
1.095,66.8,0,4.76E+01,9.93E+01,1.47E+02,1.52E+01,0.1034,,,,,,,,
1.1,66.8,0,3.55E+01,7.57E+01,1.11E+02,1.13E+01,0.1011,,,,,,,,
1.105,66.8,0,3.33E+01,7.15E+01,1.05E+02,1.05E+01,0.1006,,,,,,,,
1.11,66.8,0,3.25E+01,7.03E+01,1.03E+02,1.03E+01,0.1002,,,,,,,,
1.115,66.8,0,1.63E+01,3.53E+01,5.16E+01,4.97E+00,0.0964,,,,,,,,
1.12,66.8,0,3.26E+00,6.32E+00,9.58E+00,8.45E-01,0.0882,,,,,,,,
1.125,66.8,0,2.55E+00,4.80E+00,7.35E+00,6.40E-01,0.0871,,,,,,,,
1.13,66.8,0,7.17E+00,1.52E+01,2.24E+01,2.07E+00,0.0923,,,,,,,,
1.135,66.8,0,1.71E+00,3.09E+00,4.80E+00,4.11E-01,0.0857,,,,,,,,
1.14,66.8,0,1.17E+01,2.57E+01,3.73E+01,3.54E+00,0.0949,,,,,,,,
1.145,66.8,0,4.92E+00,1.04E+01,1.53E+01,1.40E+00,0.091,,,,,,,,
1.15,66.8,0,9.01E+00,2.00E+01,2.90E+01,2.73E+00,0.0941,,,,,,,,
1.155,66.8,0,1.39E+01,3.13E+01,4.52E+01,4.37E+00,0.0966,,,,,,,,
1.16,66.8,0,2.85E+01,6.51E+01,9.36E+01,9.40E+00,0.1004,,,,,,,,
1.165,66.8,0,3.72E+01,8.40E+01,1.21E+02,1.25E+01,0.1028,,,,,,,,
1.17,66.8,0,3.90E+01,8.82E+01,1.27E+02,1.31E+01,0.1033,,,,,,,,
1.175,66.8,0,4.03E+01,9.15E+01,1.32E+02,1.37E+01,0.1036,,,,,,,,
SETDIS--BEAM,ANGLE=COMPUTATIONAL,ANGLE;,UMU0,CHANGED,BY,0.2%;,IF,THIS,CHANGE,IS,NOT,"GOOD,",PLEASE,CHANGE,NSTR
1.18,66.8,0,3.81E+01,8.70E+01,1.25E+02,1.30E+01,0.1037,,,,,,,,
SETDIS--BEAM,ANGLE=COMPUTATIONAL,ANGLE;,UMU0,CHANGED,BY,0.2%;,IF,THIS,CHANGE,IS,NOT,"GOOD,",PLEASE,CHANGE,NSTR
1.185,66.8,0,3.76E+01,8.63E+01,1.24E+02,1.29E+01,0.1037,,,,,,,,
1.19,66.8,0,3.89E+01,8.98E+01,1.29E+02,1.33E+01,0.1036,,,,,,,,
1.195,66.8,0,3.88E+01,9.01E+01,1.29E+02,1.34E+01,0.1037,,,,,,,,
1.2,66.8,0,3.72E+01,8.69E+01,1.24E+02,1.28E+01,0.1035,,,,,,,,
1.205,66.8,0,3.88E+01,9.10E+01,1.30E+02,1.35E+01,0.1038,,,,,,,,
1.21,66.8,0,3.82E+01,9.00E+01,1.28E+02,1.33E+01,0.1038,,,,,,,,
1.215,66.8,0,3.96E+01,9.38E+01,1.33E+02,1.39E+01,0.1039,,,,,,,,
1.22,66.8,0,4.19E+01,9.97E+01,1.42E+02,1.48E+01,0.1043,,,,,,,,
1.225,66.8,0,4.20E+01,1.00E+02,1.42E+02,1.49E+01,0.1045,,,,,,,,
1.23,66.8,0,4.39E+01,1.05E+02,1.49E+02,1.56E+01,0.1047,,,,,,,,
1.235,66.8,0,4.45E+01,1.07E+02,1.52E+02,1.59E+01,0.1049,,,,,,,,
1.24,66.8,0,4.44E+01,1.07E+02,1.52E+02,1.59E+01,0.105,,,,,,,,
1.245,66.8,0,4.30E+01,1.05E+02,1.48E+02,1.55E+01,0.1048,,,,,,,,
1.25,66.8,0,4.19E+01,1.03E+02,1.45E+02,1.52E+01,0.1046,,,,,,,,
1.255,66.8,0,4.02E+01,9.97E+01,1.40E+02,1.46E+01,0.1043,,,,,,,,
1.26,66.8,0,3.58E+01,8.98E+01,1.26E+02,1.30E+01,0.1038,,,,,,,,
1.265,66.8,0,3.19E+01,8.05E+01,1.12E+02,1.16E+01,0.1033,,,,,,,,
1.27,66.8,0,3.11E+01,7.91E+01,1.10E+02,1.14E+01,0.1032,,,,,,,,
1.275,66.8,0,3.47E+01,8.83E+01,1.23E+02,1.27E+01,0.1036,,,,,,,,
1.28,66.8,0,3.56E+01,9.08E+01,1.26E+02,1.31E+01,0.1038,,,,,,,,
1.285,66.8,0,3.60E+01,9.19E+01,1.28E+02,1.33E+01,0.104,,,,,,,,
1.29,66.8,0,3.41E+01,8.77E+01,1.22E+02,1.26E+01,0.1035,,,,,,,,
1.295,66.8,0,3.34E+01,8.63E+01,1.20E+02,1.24E+01,0.1034,,,,,,,,
1.3,66.8,0,3.12E+01,8.11E+01,1.12E+02,1.16E+01,0.1031,,,,,,,,
1.305,66.8,0,2.76E+01,7.25E+01,1.00E+02,1.03E+01,0.1024,,,,,,,,
1.31,66.8,0,2.39E+01,6.36E+01,8.75E+01,8.87E+00,0.1015,,,,,,,,
1.315,66.8,0,1.99E+01,5.35E+01,7.34E+01,7.36E+00,0.1003,,,,,,,,
1.32,66.8,0,1.53E+01,4.13E+01,5.65E+01,5.60E+00,0.099,,,,,,,,
1.325,66.8,0,1.70E+01,4.64E+01,6.34E+01,6.29E+00,0.0993,,,,,,,,
1.33,66.8,0,5.62E+00,1.53E+01,2.09E+01,1.97E+00,0.0944,,,,,,,,
1.335,66.8,0,7.01E+00,1.92E+01,2.62E+01,2.50E+00,0.0954,,,,,,,,
1.34,66.8,0,8.16E+00,2.24E+01,3.06E+01,2.93E+00,0.0958,,,,,,,,
1.345,66.8,0,2.10E+00,5.30E+00,7.41E+00,6.65E-01,0.0898,,,,,,,,
1.35,66.8,0,7.70E-02,9.27E-02,1.70E-01,1.22E-02,0.0716,,,,,,,,
1.355,66.8,0,1.42E-03,1.99E-04,1.62E-03,5.31E-05,0.0328,,,,,,,,
1.36,66.8,0,1.50E-08,2.83E-15,1.50E-08,2.76E-16,0,,,,,,,,
1.365,66.8,0,3.62E-08,2.28E-14,3.62E-08,2.22E-15,0,,,,,,,,
1.37,66.8,0,2.39E-07,1.73E-12,2.39E-07,1.68E-13,0,,,,,,,,
1.375,66.8,0,1.67E-03,2.53E-04,1.92E-03,6.44E-05,0.0335,,,,,,,,
1.38,66.8,0,8.36E-05,1.07E-06,8.47E-05,1.81E-06,0.0214,,,,,,,,
1.385,66.8,0,6.30E-05,6.13E-07,6.37E-05,1.34E-06,0.021,,,,,,,,
1.39,66.8,0,1.68E-03,2.76E-04,1.95E-03,6.69E-05,0.0343,,,,,,,,
1.395,66.8,0,3.66E-04,2.08E-05,3.87E-04,9.85E-06,0.0255,,,,,,,,
1.4,66.8,0,1.17E-03,1.68E-04,1.34E-03,4.39E-05,0.0327,,,,,,,,
1.405,66.8,0,4.78E-03,1.89E-03,6.66E-03,3.15E-04,0.0472,,,,,,,,
1.41,66.8,0,2.62E-02,2.48E-02,5.10E-02,3.33E-03,0.0654,,,,,,,,
1.415,66.8,0,1.22E-01,2.02E-01,3.24E-01,2.53E-02,0.078,,,,,,,,
1.42,66.8,0,2.44E-01,4.89E-01,7.33E-01,6.03E-02,0.0822,,,,,,,,
1.425,66.8,0,4.66E-01,1.08E+00,1.54E+00,1.32E-01,0.0855,,,,,,,,
1.43,66.8,0,7.11E-01,1.78E+00,2.49E+00,2.18E-01,0.0873,,,,,,,,
1.435,66.8,0,5.33E-01,1.29E+00,1.83E+00,1.58E-01,0.0866,,,,,,,,
1.44,66.8,0,8.11E-01,2.11E+00,2.92E+00,2.57E-01,0.0882,,,,,,,,
1.445,66.8,0,8.63E-01,2.28E+00,3.15E+00,2.78E-01,0.0885,,,,,,,,
1.45,66.8,0,9.58E-01,2.59E+00,3.55E+00,3.16E-01,0.089,,,,,,,,
1.455,66.8,0,2.86E+00,8.65E+00,1.15E+01,1.07E+00,0.093,,,,,,,,
1.46,66.8,0,2.88E+00,8.77E+00,1.17E+01,1.08E+00,0.0931,,,,,,,,
1.465,66.8,0,1.88E+00,5.57E+00,7.45E+00,6.82E-01,0.0915,,,,,,,,
1.47,66.8,0,8.90E-01,2.46E+00,3.35E+00,2.99E-01,0.0891,,,,,,,,
1.475,66.8,0,3.10E+00,9.63E+00,1.27E+01,1.19E+00,0.0935,,,,,,,,
1.48,66.8,0,2.55E+00,7.93E+00,1.05E+01,9.74E-01,0.0929,,,,,,,,
1.485,66.8,0,3.40E+00,1.08E+01,1.42E+01,1.34E+00,0.0942,,,,,,,,
1.49,66.8,0,7.94E+00,2.56E+01,3.35E+01,3.27E+00,0.0976,,,,,,,,
1.495,66.8,0,1.07E+01,3.45E+01,4.52E+01,4.47E+00,0.099,,,,,,,,
1.5,66.8,0,1.52E+01,4.87E+01,6.38E+01,6.44E+00,0.101,,,,,,,,
1.505,66.8,0,1.53E+01,4.93E+01,6.46E+01,6.53E+00,0.1012,,,,,,,,
1.51,66.8,0,1.71E+01,5.50E+01,7.22E+01,7.36E+00,0.102,,,,,,,,
1.515,66.8,0,1.80E+01,5.77E+01,7.57E+01,7.74E+00,0.1023,,,,,,,,
1.52,66.8,0,1.99E+01,6.40E+01,8.38E+01,8.61E+00,0.1027,,,,,,,,
1.525,66.8,0,2.01E+01,6.48E+01,8.49E+01,8.73E+00,0.1028,,,,,,,,
1.53,66.8,0,2.05E+01,6.65E+01,8.70E+01,8.96E+00,0.103,,,,,,,,
1.535,66.8,0,2.05E+01,6.66E+01,8.71E+01,8.99E+00,0.1032,,,,,,,,
1.54,66.8,0,2.06E+01,6.71E+01,8.77E+01,9.06E+00,0.1033,,,,,,,,
1.545,66.8,0,2.10E+01,6.85E+01,8.95E+01,9.25E+00,0.1034,,,,,,,,
1.55,66.8,0,2.12E+01,6.94E+01,9.06E+01,9.37E+00,0.1034,,,,,,,,
1.555,66.8,0,2.11E+01,6.95E+01,9.06E+01,9.38E+00,0.1034,,,,,,,,
1.56,66.8,0,2.09E+01,6.90E+01,8.99E+01,9.30E+00,0.1034,,,,,,,,
1.565,66.8,0,2.00E+01,6.64E+01,8.64E+01,8.92E+00,0.1032,,,,,,,,
1.57,66.8,0,1.78E+01,5.97E+01,7.75E+01,7.97E+00,0.1029,,,,,,,,
1.575,66.8,0,1.80E+01,6.03E+01,7.82E+01,8.05E+00,0.1029,,,,,,,,
1.58,66.8,0,1.83E+01,6.15E+01,7.97E+01,8.21E+00,0.103,,,,,,,,
1.585,66.8,0,1.89E+01,6.38E+01,8.27E+01,8.53E+00,0.1031,,,,,,,,
1.59,66.8,0,1.88E+01,6.35E+01,8.23E+01,8.48E+00,0.1031,,,,,,,,
1.595,66.8,0,1.81E+01,6.16E+01,7.97E+01,8.21E+00,0.1029,,,,,,,,
1.6,66.8,0,1.70E+01,5.83E+01,7.53E+01,7.73E+00,0.1027,,,,,,,,
1.605,66.8,0,1.67E+01,5.76E+01,7.43E+01,7.63E+00,0.1027,,,,,,,,
1.61,66.8,0,1.66E+01,5.74E+01,7.40E+01,7.59E+00,0.1026,,,,,,,,
1.615,66.8,0,1.75E+01,6.04E+01,7.79E+01,8.00E+00,0.1028,,,,,,,,
1.62,66.8,0,1.79E+01,6.22E+01,8.02E+01,8.25E+00,0.1029,,,,,,,,
1.625,66.8,0,1.82E+01,6.32E+01,8.14E+01,8.38E+00,0.103,,,,,,,,
1.63,66.8,0,1.79E+01,6.27E+01,8.07E+01,8.29E+00,0.1028,,,,,,,,
1.635,66.8,0,1.74E+01,6.14E+01,7.88E+01,8.09E+00,0.1027,,,,,,,,
1.64,66.8,0,1.68E+01,5.94E+01,7.62E+01,7.81E+00,0.1026,,,,,,,,
1.645,66.8,0,1.65E+01,5.86E+01,7.51E+01,7.69E+00,0.1024,,,,,,,,
1.65,66.8,0,1.64E+01,5.85E+01,7.49E+01,7.66E+00,0.1024,,,,,,,,
1.655,66.8,0,1.64E+01,5.89E+01,7.53E+01,7.71E+00,0.1023,,,,,,,,
1.66,66.8,0,1.64E+01,5.91E+01,7.55E+01,7.72E+00,0.1023,,,,,,,,
1.665,66.8,0,1.61E+01,5.82E+01,7.43E+01,7.60E+00,0.1022,,,,,,,,
1.67,66.8,0,1.62E+01,5.87E+01,7.49E+01,7.67E+00,0.1023,,,,,,,,
1.675,66.8,0,1.58E+01,5.75E+01,7.33E+01,7.49E+00,0.1022,,,,,,,,
1.68,66.8,0,1.56E+01,5.70E+01,7.26E+01,7.42E+00,0.1022,,,,,,,,
1.685,66.8,0,1.54E+01,5.66E+01,7.20E+01,7.35E+00,0.1021,,,,,,,,
1.69,66.8,0,1.50E+01,5.53E+01,7.03E+01,7.16E+00,0.1019,,,,,,,,
1.695,66.8,0,1.47E+01,5.46E+01,6.93E+01,7.06E+00,0.1018,,,,,,,,
1.7,66.8,0,1.46E+01,5.44E+01,6.89E+01,7.01E+00,0.1017,,,,,,,,
1.705,66.8,0,1.42E+01,5.33E+01,6.74E+01,6.85E+00,0.1016,,,,,,,,
1.71,66.8,0,1.36E+01,5.15E+01,6.51E+01,6.60E+00,0.1014,,,,,,,,
1.715,66.8,0,1.34E+01,5.10E+01,6.45E+01,6.53E+00,0.1013,,,,,,,,
1.72,66.8,0,1.30E+01,4.95E+01,6.25E+01,6.32E+00,0.1011,,,,,,,,
1.725,66.8,0,1.21E+01,4.66E+01,5.88E+01,5.93E+00,0.1009,,,,,,,,
1.73,66.8,0,1.18E+01,4.56E+01,5.75E+01,5.80E+00,0.1009,,,,,,,,
1.735,66.8,0,1.08E+01,4.18E+01,5.26E+01,5.29E+00,0.1005,,,,,,,,
1.74,66.8,0,1.04E+01,4.06E+01,5.10E+01,5.11E+00,0.1003,,,,,,,,
1.745,66.8,0,9.96E+00,3.91E+01,4.91E+01,4.92E+00,0.1002,,,,,,,,
1.75,66.8,0,9.80E+00,3.87E+01,4.85E+01,4.85E+00,0.1001,,,,,,,,
1.755,66.8,0,9.37E+00,3.72E+01,4.66E+01,4.65E+00,0.0998,,,,,,,,
1.76,66.8,0,9.21E+00,3.68E+01,4.60E+01,4.58E+00,0.0996,,,,,,,,
1.765,66.8,0,7.69E+00,3.12E+01,3.89E+01,3.84E+00,0.0987,,,,,,,,
1.77,66.8,0,7.21E+00,2.94E+01,3.67E+01,3.60E+00,0.0983,,,,,,,,
1.775,66.8,0,5.52E+00,2.28E+01,2.83E+01,2.75E+00,0.0971,,,,,,,,
1.78,66.8,0,4.39E+00,1.83E+01,2.27E+01,2.18E+00,0.0963,,,,,,,,
1.785,66.8,0,3.89E+00,1.62E+01,2.01E+01,1.93E+00,0.0958,,,,,,,,
1.79,66.8,0,3.10E+00,1.30E+01,1.61E+01,1.52E+00,0.0947,,,,,,,,
1.795,66.8,0,1.71E+00,7.12E+00,8.83E+00,8.21E-01,0.093,,,,,,,,
1.8,66.8,0,5.58E-01,2.43E+00,2.99E+00,2.62E-01,0.0879,,,,,,,,
1.805,66.8,0,2.24E-01,8.50E-01,1.07E+00,9.15E-02,0.0852,,,,,,,,
1.81,66.8,0,5.15E-02,1.46E-01,1.98E-01,1.58E-02,0.0802,,,,,,,,
1.815,66.8,0,8.80E-03,1.47E-02,2.35E-02,1.66E-03,0.0707,,,,,,,,
1.82,66.8,0,2.51E-03,2.57E-03,5.08E-03,3.11E-04,0.0611,,,,,,,,
1.825,66.8,0,3.56E-04,1.24E-04,4.80E-04,1.97E-05,0.041,,,,,,,,
1.83,66.8,0,2.24E-05,1.02E-06,2.34E-05,5.31E-07,0.0227,,,,,,,,
1.835,66.8,0,1.01E-09,1.78E-16,1.01E-09,1.67E-17,0,,,,,,,,
1.84,66.8,0,2.82E-09,2.03E-15,2.82E-09,1.90E-16,0,,,,,,,,
1.845,66.8,0,2.23E-06,9.62E-09,2.24E-06,4.21E-08,0.0188,,,,,,,,
1.85,66.8,0,4.78E-09,7.37E-15,4.78E-09,6.89E-16,0,,,,,,,,
1.855,66.8,0,4.37E-09,6.29E-15,4.37E-09,5.87E-16,0,,,,,,,,
1.86,66.8,0,4.52E-06,4.70E-08,4.57E-06,8.88E-08,0.0194,,,,,,,,
1.865,66.8,0,7.19E-06,1.18E-07,7.31E-06,1.46E-07,0.02,,,,,,,,
1.87,66.8,0,0.00E+00,0.00E+00,0.00E+00,0.00E+00,NaN,,,,,,,,
1.875,66.8,0,1.06E-09,2.89E-16,1.06E-09,2.69E-17,0,,,,,,,,
1.88,66.8,0,3.92E-05,3.66E-06,4.29E-05,1.11E-06,0.0259,,,,,,,,
1.885,66.8,0,1.13E-04,2.33E-05,1.36E-04,4.54E-06,0.0334,,,,,,,,
1.89,66.8,0,9.48E-05,1.84E-05,1.13E-04,3.69E-06,0.0326,,,,,,,,
1.895,66.8,0,4.20E-05,4.65E-06,4.67E-05,1.26E-06,0.027,,,,,,,,
1.9,66.8,0,2.27E-08,3.45E-13,2.27E-08,3.21E-14,0,,,,,,,,
1.905,66.8,0,9.98E-06,3.41E-07,1.03E-05,2.20E-07,0.0213,,,,,,,,
1.91,66.8,0,2.04E-05,1.34E-06,2.17E-05,5.16E-07,0.0238,,,,,,,,
1.915,66.8,0,5.99E-05,9.90E-06,6.98E-05,2.12E-06,0.0303,,,,,,,,
1.92,66.8,0,7.30E-04,5.62E-04,1.29E-03,7.02E-05,0.0543,,,,,,,,
1.925,66.8,0,1.77E-03,2.11E-03,3.88E-03,2.44E-04,0.0629,,,,,,,,
1.93,66.8,0,3.79E-03,6.28E-03,1.01E-02,6.97E-04,0.0692,,,,,,,,
1.935,66.8,0,2.35E-02,7.01E-02,9.36E-02,7.42E-03,0.0793,,,,,,,,
1.94,66.8,0,5.51E-02,2.03E-01,2.59E-01,2.13E-02,0.0825,,,,,,,,
1.945,66.8,0,1.11E-01,4.78E-01,5.89E-01,5.00E-02,0.0848,,,,,,,,
1.95,66.8,0,2.58E-01,1.29E+00,1.55E+00,1.35E-01,0.0873,,,,,,,,
1.955,66.8,0,2.70E-01,1.39E+00,1.66E+00,1.46E-01,0.0878,,,,,,,,
1.96,66.8,0,3.97E-01,2.13E+00,2.53E+00,2.24E-01,0.0886,,,,,,,,
1.965,66.8,0,1.11E+00,6.34E+00,7.45E+00,6.78E-01,0.0911,,,,,,,,
1.97,66.8,0,1.70E+00,9.79E+00,1.15E+01,1.06E+00,0.0921,,,,,,,,
1.975,66.8,0,2.36E+00,1.37E+01,1.60E+01,1.49E+00,0.0928,,,,,,,,
1.98,66.8,0,2.80E+00,1.63E+01,1.91E+01,1.78E+00,0.0932,,,,,,,,
1.985,66.8,0,3.19E+00,1.86E+01,2.18E+01,2.04E+00,0.0936,,,,,,,,
1.99,66.8,0,3.21E+00,1.88E+01,2.20E+01,2.06E+00,0.0936,,,,,,,,
1.995,66.8,0,2.66E+00,1.57E+01,1.83E+01,1.71E+00,0.0934,,,,,,,,
2,66.8,0,1.28E+00,7.65E+00,8.93E+00,8.22E-01,0.0921,,,,,,,,
2.005,66.8,0,6.20E-01,3.71E+00,4.33E+00,3.94E-01,0.0909,,,,,,,,
2.01,66.8,0,8.08E-01,4.88E+00,5.69E+00,5.20E-01,0.0914,,,,,,,,
2.015,66.8,0,9.37E-01,5.69E+00,6.62E+00,6.06E-01,0.0915,,,,,,,,
2.02,66.8,0,1.50E+00,9.09E+00,1.06E+01,9.79E-01,0.0925,,,,,,,,
2.025,66.8,0,2.85E+00,1.72E+01,2.00E+01,1.88E+00,0.0938,,,,,,,,
2.03,66.8,0,3.36E+00,2.02E+01,2.36E+01,2.22E+00,0.0941,,,,,,,,
2.035,66.8,0,3.78E+00,2.26E+01,2.64E+01,2.50E+00,0.0945,,,,,,,,
2.04,66.8,0,3.67E+00,2.21E+01,2.58E+01,2.43E+00,0.0944,,,,,,,,
2.045,66.8,0,3.22E+00,1.96E+01,2.28E+01,2.14E+00,0.0941,,,,,,,,
2.05,66.8,0,2.47E+00,1.51E+01,1.76E+01,1.65E+00,0.0936,,,,,,,,
2.055,66.8,0,2.12E+00,1.31E+01,1.52E+01,1.42E+00,0.0932,,,,,,,,
2.06,66.8,0,2.31E+00,1.43E+01,1.66E+01,1.55E+00,0.0933,,,,,,,,
2.065,66.8,0,2.28E+00,1.42E+01,1.64E+01,1.53E+00,0.0932,,,,,,,,
2.07,66.8,0,2.42E+00,1.51E+01,1.75E+01,1.63E+00,0.0933,,,,,,,,
2.075,66.8,0,3.12E+00,1.94E+01,2.25E+01,2.11E+00,0.0938,,,,,,,,
2.08,66.8,0,3.41E+00,2.12E+01,2.46E+01,2.31E+00,0.094,,,,,,,,
2.085,66.8,0,3.52E+00,2.19E+01,2.55E+01,2.40E+00,0.0941,,,,,,,,
2.09,66.8,0,3.69E+00,2.30E+01,2.67E+01,2.51E+00,0.0941,,,,,,,,
2.095,66.8,0,3.67E+00,2.30E+01,2.66E+01,2.50E+00,0.0941,,,,,,,,
2.1,66.8,0,3.64E+00,2.29E+01,2.65E+01,2.49E+00,0.094,,,,,,,,
2.105,66.8,0,3.69E+00,2.33E+01,2.70E+01,2.53E+00,0.094,,,,,,,,
2.11,66.8,0,3.64E+00,2.31E+01,2.67E+01,2.51E+00,0.094,,,,,,,,
2.115,66.8,0,3.53E+00,2.25E+01,2.60E+01,2.44E+00,0.0939,,,,,,,,
2.12,66.8,0,3.48E+00,2.22E+01,2.57E+01,2.41E+00,0.0938,,,,,,,,
2.125,66.8,0,3.53E+00,2.26E+01,2.61E+01,2.45E+00,0.0938,,,,,,,,
2.13,66.8,0,3.65E+00,2.35E+01,2.71E+01,2.55E+00,0.0939,,,,,,,,
2.135,66.8,0,3.66E+00,2.36E+01,2.72E+01,2.56E+00,0.0938,,,,,,,,
2.14,66.8,0,3.61E+00,2.34E+01,2.70E+01,2.53E+00,0.0938,,,,,,,,
2.145,66.8,0,3.43E+00,2.24E+01,2.58E+01,2.41E+00,0.0936,,,,,,,,
2.15,66.8,0,3.15E+00,2.07E+01,2.39E+01,2.22E+00,0.0932,,,,,,,,
2.155,66.8,0,3.02E+00,1.99E+01,2.29E+01,2.13E+00,0.0931,,,,,,,,
2.16,66.8,0,3.03E+00,2.01E+01,2.31E+01,2.15E+00,0.093,,,,,,,,
2.165,66.8,0,3.04E+00,2.03E+01,2.33E+01,2.17E+00,0.093,,,,,,,,
2.17,66.8,0,3.03E+00,2.03E+01,2.33E+01,2.16E+00,0.0929,,,,,,,,
2.175,66.8,0,2.94E+00,1.98E+01,2.27E+01,2.11E+00,0.0928,,,,,,,,
2.18,66.8,0,2.80E+00,1.89E+01,2.17E+01,2.01E+00,0.0926,,,,,,,,
2.185,66.8,0,2.71E+00,1.84E+01,2.11E+01,1.95E+00,0.0925,,,,,,,,
2.19,66.8,0,2.72E+00,1.85E+01,2.13E+01,1.97E+00,0.0924,,,,,,,,
2.195,66.8,0,2.63E+00,1.80E+01,2.06E+01,1.91E+00,0.0923,,,,,,,,
2.2,66.8,0,2.51E+00,1.73E+01,1.98E+01,1.83E+00,0.0922,,,,,,,,
2.205,66.8,0,2.64E+00,1.82E+01,2.08E+01,1.92E+00,0.0922,,,,,,,,
2.21,66.8,0,2.88E+00,1.99E+01,2.28E+01,2.10E+00,0.0922,,,,,,,,
2.215,66.8,0,2.90E+00,2.01E+01,2.30E+01,2.12E+00,0.0922,,,,,,,,
2.22,66.8,0,2.89E+00,2.02E+01,2.31E+01,2.13E+00,0.0921,,,,,,,,
2.225,66.8,0,2.88E+00,2.02E+01,2.31E+01,2.13E+00,0.092,,,,,,,,
2.23,66.8,0,2.84E+00,2.00E+01,2.28E+01,2.10E+00,0.092,,,,,,,,
2.235,66.8,0,2.77E+00,1.96E+01,2.24E+01,2.05E+00,0.0918,,,,,,,,
2.24,66.8,0,2.70E+00,1.92E+01,2.19E+01,2.01E+00,0.0917,,,,,,,,
2.245,66.8,0,2.64E+00,1.89E+01,2.15E+01,1.97E+00,0.0916,,,,,,,,
2.25,66.8,0,2.58E+00,1.85E+01,2.11E+01,1.93E+00,0.0914,,,,,,,,
2.255,66.8,0,2.49E+00,1.80E+01,2.05E+01,1.87E+00,0.0913,,,,,,,,
2.26,66.8,0,2.42E+00,1.76E+01,2.00E+01,1.83E+00,0.0911,,,,,,,,
2.265,66.8,0,2.40E+00,1.75E+01,1.99E+01,1.81E+00,0.091,,,,,,,,
2.27,66.8,0,2.36E+00,1.73E+01,1.97E+01,1.79E+00,0.0909,,,,,,,,
2.275,66.8,0,2.35E+00,1.73E+01,1.97E+01,1.79E+00,0.0908,,,,,,,,
2.28,66.8,0,2.34E+00,1.73E+01,1.97E+01,1.78E+00,0.0907,,,,,,,,
2.285,66.8,0,2.28E+00,1.70E+01,1.93E+01,1.74E+00,0.0905,,,,,,,,
2.29,66.8,0,2.17E+00,1.63E+01,1.84E+01,1.67E+00,0.0903,,,,,,,,
2.295,66.8,0,2.06E+00,1.55E+01,1.76E+01,1.58E+00,0.0901,,,,,,,,
2.3,66.8,0,2.01E+00,1.52E+01,1.72E+01,1.55E+00,0.09,,,,,,,,
2.305,66.8,0,2.03E+00,1.54E+01,1.74E+01,1.57E+00,0.0899,,,,,,,,
2.31,66.8,0,1.90E+00,1.45E+01,1.64E+01,1.47E+00,0.0897,,,,,,,,
2.315,66.8,0,1.63E+00,1.25E+01,1.42E+01,1.27E+00,0.0894,,,,,,,,
2.32,66.8,0,1.54E+00,1.20E+01,1.35E+01,1.20E+00,0.0892,,,,,,,,
2.325,66.8,0,1.53E+00,1.19E+01,1.34E+01,1.20E+00,0.0891,,,,,,,,
2.33,66.8,0,1.56E+00,1.22E+01,1.38E+01,1.23E+00,0.089,,,,,,,,
2.335,66.8,0,1.46E+00,1.15E+01,1.30E+01,1.15E+00,0.0887,,,,,,,,
2.34,66.8,0,1.36E+00,1.08E+01,1.22E+01,1.07E+00,0.0882,,,,,,,,
2.345,66.8,0,1.33E+00,1.07E+01,1.20E+01,1.06E+00,0.0879,,,,,,,,
2.35,66.8,0,1.35E+00,1.09E+01,1.23E+01,1.08E+00,0.0877,,,,,,,,
2.355,66.8,0,1.44E+00,1.17E+01,1.32E+01,1.15E+00,0.0876,,,,,,,,
2.36,66.8,0,1.52E+00,1.23E+01,1.39E+01,1.21E+00,0.0875,,,,,,,,
2.365,66.8,0,1.33E+00,1.10E+01,1.23E+01,1.07E+00,0.0871,,,,,,,,
2.37,66.8,0,1.14E+00,9.45E+00,1.06E+01,9.18E-01,0.0866,,,,,,,,
2.375,66.8,0,1.08E+00,8.98E+00,1.01E+01,8.69E-01,0.0864,,,,,,,,
2.38,66.8,0,9.98E-01,8.36E+00,9.36E+00,8.06E-01,0.0861,,,,,,,,
2.385,66.8,0,9.32E-01,7.85E+00,8.78E+00,7.54E-01,0.0858,,,,,,,,
2.39,66.8,0,9.53E-01,8.08E+00,9.03E+00,7.74E-01,0.0857,,,,,,,,
2.395,66.8,0,9.62E-01,8.20E+00,9.16E+00,7.84E-01,0.0856,,,,,,,,
2.4,66.8,0,9.27E-01,7.95E+00,8.88E+00,7.57E-01,0.0853,,,,,,,,
2.405,66.8,0,8.02E-01,6.91E+00,7.71E+00,6.54E-01,0.0848,,,,,,,,
2.41,66.8,0,6.64E-01,5.73E+00,6.40E+00,5.39E-01,0.0842,,,,,,,,
2.415,66.8,0,6.19E-01,5.36E+00,5.98E+00,5.02E-01,0.0839,,,,,,,,
2.42,66.8,0,6.91E-01,6.03E+00,6.72E+00,5.64E-01,0.0839,,,,,,,,
2.425,66.8,0,7.55E-01,6.65E+00,7.40E+00,6.20E-01,0.0838,,,,,,,,
2.43,66.8,0,7.18E-01,6.35E+00,7.07E+00,5.90E-01,0.0835,,,,,,,,
2.435,66.8,0,6.01E-01,5.33E+00,5.93E+00,4.93E-01,0.083,,,,,,,,
2.44,66.8,0,5.21E-01,4.63E+00,5.15E+00,4.26E-01,0.0826,,,,,,,,
2.445,66.8,0,3.69E-01,3.27E+00,3.64E+00,2.98E-01,0.0819,,,,,,,,
2.45,66.8,0,3.45E-01,3.07E+00,3.41E+00,2.79E-01,0.0817,,,,,,,,
2.455,66.8,0,4.23E-01,3.80E+00,4.22E+00,3.45E-01,0.0817,,,,,,,,
2.46,66.8,0,4.32E-01,3.89E+00,4.32E+00,3.52E-01,0.0814,,,,,,,,
2.465,66.8,0,3.37E-01,3.02E+00,3.36E+00,2.71E-01,0.0808,,,,,,,,
2.47,66.8,0,2.04E-01,1.79E+00,2.00E+00,1.60E-01,0.0799,,,,,,,,
2.475,66.8,0,1.75E-01,1.53E+00,1.71E+00,1.35E-01,0.0794,,,,,,,,
2.48,66.8,0,9.43E-02,7.80E-01,8.74E-01,6.85E-02,0.0783,,,,,,,,
2.485,66.8,0,4.46E-02,3.37E-01,3.82E-01,2.94E-02,0.0771,,,,,,,,
2.49,66.8,0,3.47E-02,2.52E-01,2.87E-01,2.19E-02,0.0765,,,,,,,,
2.495,66.8,0,3.11E-02,2.21E-01,2.52E-01,1.92E-02,0.076,,,,,,,,
2.5,66.8,0,2.85E-02,2.00E-01,2.28E-01,1.73E-02,0.0756,,,,,,,,
2.505,66.8,0,1.65E-02,1.05E-01,1.22E-01,9.07E-03,0.0745,,,,,,,,
2.51,66.8,0,3.88E-03,1.83E-02,2.22E-02,1.58E-03,0.0713,,,,,,,,
2.515,66.8,0,9.91E-04,3.14E-03,4.13E-03,2.75E-04,0.0665,,,,,,,,
2.52,66.8,0,1.55E-04,2.43E-04,3.98E-04,2.24E-05,0.0561,,,,,,,,
2.525,66.8,0,4.59E-05,4.12E-05,8.71E-05,4.06E-06,0.0466,,,,,,,,
2.53,66.8,0,5.03E-06,1.27E-06,6.30E-06,1.73E-07,0.0274,,,,,,,,
2.535,66.8,0,3.68E-07,8.73E-09,3.77E-07,5.55E-09,0.0147,,,,,,,,
2.54,66.8,0,2.17E-08,2.24E-11,2.17E-08,1.76E-12,0.0001,,,,,,,,
2.545,66.8,0,6.17E-12,1.10E-19,6.17E-12,8.60E-21,0,,,,,,,,
2.55,66.8,0,6.27E-12,1.18E-19,6.27E-12,9.16E-21,0,,,,,,,,
2.555,66.8,0,2.29E-13,4.66E-23,2.29E-13,9.86E-25,0,,,,,,,,
2.56,66.8,0,0.00E+00,0.00E+00,0.00E+00,0.00E+00,NaN,,,,,,,,
2.565,66.8,0,0.00E+00,0.00E+00,0.00E+00,0.00E+00,NaN,,,,,,,,
2.57,66.8,0,0.00E+00,0.00E+00,0.00E+00,0.00E+00,NaN,,,,,,,,
2.575,66.8,0,0.00E+00,0.00E+00,0.00E+00,0.00E+00,NaN,,,,,,,,
2.58,66.8,0,0.00E+00,0.00E+00,0.00E+00,0.00E+00,NaN,,,,,,,,
2.585,66.8,0,0.00E+00,0.00E+00,0.00E+00,0.00E+00,NaN,,,,,,,,
2.59,66.8,0,0.00E+00,0.00E+00,0.00E+00,0.00E+00,NaN,,,,,,,,
2.595,66.8,0,0.00E+00,0.00E+00,0.00E+00,0.00E+00,NaN,,,,,,,,
2.6,66.8,0,0.00E+00,0.00E+00,0.00E+00,0.00E+00,NaN,,,,,,,,
2.605,66.8,0,0.00E+00,0.00E+00,0.00E+00,0.00E+00,NaN,,,,,,,,
2.61,66.8,0,0.00E+00,0.00E+00,0.00E+00,0.00E+00,NaN,,,,,,,,
2.615,66.8,0,0.00E+00,0.00E+00,0.00E+00,0.00E+00,NaN,,,,,,,,
2.62,66.8,0,0.00E+00,0.00E+00,0.00E+00,0.00E+00,NaN,,,,,,,,
2.625,66.8,0,0.00E+00,0.00E+00,0.00E+00,0.00E+00,NaN,,,,,,,,
2.63,66.8,0,0.00E+00,0.00E+00,0.00E+00,0.00E+00,NaN,,,,,,,,
2.635,66.8,0,0.00E+00,0.00E+00,0.00E+00,0.00E+00,NaN,,,,,,,,
2.64,66.8,0,0.00E+00,0.00E+00,0.00E+00,0.00E+00,NaN,,,,,,,,
2.645,66.8,0,0.00E+00,0.00E+00,0.00E+00,0.00E+00,NaN,,,,,,,,
2.65,66.8,0,0.00E+00,0.00E+00,0.00E+00,0.00E+00,NaN,,,,,,,,
2.655,66.8,0,0.00E+00,0.00E+00,0.00E+00,0.00E+00,NaN,,,,,,,,
2.66,66.8,0,0.00E+00,0.00E+00,0.00E+00,0.00E+00,NaN,,,,,,,,
2.665,66.8,0,0.00E+00,0.00E+00,0.00E+00,0.00E+00,NaN,,,,,,,,
2.67,66.8,0,0.00E+00,0.00E+00,0.00E+00,0.00E+00,NaN,,,,,,,,
2.675,66.8,0,0.00E+00,0.00E+00,0.00E+00,0.00E+00,NaN,,,,,,,,
2.68,66.8,0,0.00E+00,0.00E+00,0.00E+00,0.00E+00,NaN,,,,,,,,
2.685,66.8,0,0.00E+00,0.00E+00,0.00E+00,0.00E+00,NaN,,,,,,,,
2.69,66.8,0,0.00E+00,0.00E+00,0.00E+00,0.00E+00,NaN,,,,,,,,
2.695,66.8,0,0.00E+00,0.00E+00,0.00E+00,0.00E+00,NaN,,,,,,,,
2.7,66.8,0,0.00E+00,0.00E+00,0.00E+00,0.00E+00,NaN,,,,,,,,
2.705,66.8,0,0.00E+00,0.00E+00,0.00E+00,0.00E+00,NaN,,,,,,,,
2.71,66.8,0,0.00E+00,0.00E+00,0.00E+00,0.00E+00,NaN,,,,,,,,
2.715,66.8,0,0.00E+00,0.00E+00,0.00E+00,0.00E+00,NaN,,,,,,,,
2.72,66.8,0,0.00E+00,0.00E+00,0.00E+00,0.00E+00,NaN,,,,,,,,
2.725,66.8,0,0.00E+00,0.00E+00,0.00E+00,0.00E+00,NaN,,,,,,,,
2.73,66.8,0,0.00E+00,0.00E+00,0.00E+00,0.00E+00,NaN,,,,,,,,
2.735,66.8,0,0.00E+00,0.00E+00,0.00E+00,0.00E+00,NaN,,,,,,,,
2.74,66.8,0,0.00E+00,0.00E+00,0.00E+00,0.00E+00,NaN,,,,,,,,
2.745,66.8,0,0.00E+00,0.00E+00,0.00E+00,0.00E+00,NaN,,,,,,,,
2.75,66.8,0,0.00E+00,0.00E+00,0.00E+00,0.00E+00,NaN,,,,,,,,
2.755,66.8,0,0.00E+00,0.00E+00,0.00E+00,0.00E+00,NaN,,,,,,,,
2.76,66.8,0,0.00E+00,0.00E+00,0.00E+00,0.00E+00,NaN,,,,,,,,
2.765,66.8,0,0.00E+00,0.00E+00,0.00E+00,0.00E+00,NaN,,,,,,,,
2.77,66.8,0,0.00E+00,0.00E+00,0.00E+00,0.00E+00,NaN,,,,,,,,
2.775,66.8,0,0.00E+00,0.00E+00,0.00E+00,0.00E+00,NaN,,,,,,,,
2.78,66.8,0,0.00E+00,0.00E+00,0.00E+00,0.00E+00,NaN,,,,,,,,
2.785,66.8,0,0.00E+00,0.00E+00,0.00E+00,0.00E+00,NaN,,,,,,,,
2.79,66.8,0,0.00E+00,0.00E+00,0.00E+00,0.00E+00,NaN,,,,,,,,
2.795,66.8,0,0.00E+00,0.00E+00,0.00E+00,0.00E+00,NaN,,,,,,,,
2.8,66.8,0,0.00E+00,0.00E+00,0.00E+00,0.00E+00,NaN,,,,,,,,
2.805,66.8,0,0.00E+00,0.00E+00,0.00E+00,0.00E+00,NaN,,,,,,,,
2.81,66.8,0,0.00E+00,0.00E+00,0.00E+00,0.00E+00,NaN,,,,,,,,
2.815,66.8,0,4.38E-11,7.63E-17,4.38E-11,3.00E-18,0,,,,,,,,
2.82,66.8,0,9.76E-10,9.15E-14,9.76E-10,3.54E-15,0,,,,,,,,
2.825,66.8,0,3.55E-07,3.51E-08,3.90E-07,2.81E-09,0.0072,,,,,,,,
2.83,66.8,0,4.29E-07,4.87E-08,4.78E-07,3.72E-09,0.0078,,,,,,,,
2.835,66.8,0,1.20E-06,3.54E-07,1.55E-06,2.00E-08,0.0129,,,,,,,,
2.84,66.8,0,1.35E-06,4.37E-07,1.79E-06,2.51E-08,0.014,,,,,,,,
2.845,66.8,0,3.70E-06,2.64E-06,6.33E-06,1.35E-07,0.0213,,,,,,,,
2.85,66.8,0,1.08E-05,1.38E-05,2.46E-05,6.91E-07,0.0281,,,,,,,,
2.855,66.8,0,1.76E-05,2.84E-05,4.61E-05,1.43E-06,0.0311,,,,,,,,
2.86,66.8,0,5.24E-05,1.42E-04,1.94E-04,7.13E-06,0.0368,,,,,,,,
2.865,66.8,0,1.33E-04,5.07E-04,6.40E-04,2.63E-05,0.0411,,,,,,,,
2.87,66.8,0,3.53E-04,1.79E-03,2.14E-03,9.70E-05,0.0453,,,,,,,,
2.875,66.8,0,6.97E-04,4.32E-03,5.01E-03,2.44E-04,0.0486,,,,,,,,
2.88,66.8,0,9.96E-04,6.69E-03,7.69E-03,3.91E-04,0.0509,,,,,,,,
2.885,66.8,0,1.96E-03,1.56E-02,1.76E-02,9.44E-04,0.0537,,,,,,,,
2.89,66.8,0,2.61E-03,2.22E-02,2.48E-02,1.38E-03,0.0557,,,,,,,,
2.895,66.8,0,3.26E-03,2.91E-02,3.24E-02,1.89E-03,0.0582,,,,,,,,
2.9,66.8,0,3.61E-03,3.34E-02,3.71E-02,2.26E-03,0.061,,,,,,,,
2.905,66.8,0,4.41E-03,4.24E-02,4.68E-02,2.99E-03,0.0639,,,,,,,,
2.91,66.8,0,5.88E-03,6.01E-02,6.60E-02,4.40E-03,0.0666,,,,,,,,
2.915,66.8,0,7.41E-03,7.94E-02,8.68E-02,6.01E-03,0.0692,,,,,,,,
2.92,66.8,0,1.38E-01,2.02E+00,2.16E+00,1.59E-01,0.0737,,,,,,,,
2.925,66.8,0,2.10E-02,2.66E-01,2.87E-01,2.14E-02,0.0747,,,,,,,,
2.93,66.8,0,2.34E-02,3.02E-01,3.25E-01,2.52E-02,0.0773,,,,,,,,
2.935,66.8,0,2.58E-02,3.42E-01,3.67E-01,2.94E-02,0.0799,,,,,,,,
2.94,66.8,0,2.25E-02,2.95E-01,3.18E-01,2.61E-02,0.0821,,,,,,,,
2.945,66.8,0,2.11E-02,2.78E-01,2.99E-01,2.52E-02,0.0843,,,,,,,,
2.95,66.8,0,2.50E-02,3.39E-01,3.64E-01,3.15E-02,0.0866,,,,,,,,
2.955,66.8,0,2.60E-02,3.58E-01,3.84E-01,3.42E-02,0.0889,,,,,,,,
2.96,66.8,0,2.47E-02,3.42E-01,3.66E-01,3.33E-02,0.091,,,,,,,,
2.965,66.8,0,1.75E-02,2.34E-01,2.51E-01,2.32E-02,0.0926,,,,,,,,
2.97,66.8,0,1.35E-02,1.77E-01,1.90E-01,1.79E-02,0.094,,,,,,,,
2.975,66.8,0,1.52E-02,2.03E-01,2.18E-01,2.09E-02,0.0958,,,,,,,,
2.98,66.8,0,2.27E-02,3.22E-01,3.45E-01,3.37E-02,0.0978,,,,,,,,
2.985,66.8,0,3.65E-02,5.48E-01,5.85E-01,5.83E-02,0.0996,,,,,,,,
2.99,66.8,0,5.19E-02,8.07E-01,8.59E-01,8.71E-02,0.1014,,,,,,,,
2.995,66.8,0,5.06E-02,7.91E-01,8.42E-01,8.53E-02,0.1014,,,,,,,,
3,66.8,0,4.61E-02,7.23E-01,7.69E-01,7.79E-02,0.1013,,,,,,,,
3.005,66.8,0,3.79E-02,5.77E-01,6.15E-01,6.21E-02,0.1011,,,,,,,,
3.01,66.8,0,3.74E-02,5.61E-01,5.99E-01,6.05E-02,0.1011,,,,,,,,
3.015,66.8,0,3.41E-02,5.02E-01,5.36E-01,5.41E-02,0.101,,,,,,,,
3.02,66.8,0,3.02E-02,4.34E-01,4.64E-01,4.68E-02,0.1008,,,,,,,,
3.025,66.8,0,2.97E-02,4.20E-01,4.50E-01,4.54E-02,0.1008,,,,,,,,
3.03,66.8,0,2.58E-02,3.56E-01,3.82E-01,3.84E-02,0.1006,,,,,,,,
3.035,66.8,0,1.72E-02,2.24E-01,2.41E-01,2.42E-02,0.1002,,,,,,,,
3.04,66.8,0,1.43E-02,1.80E-01,1.94E-01,1.94E-02,0.0999,,,,,,,,
3.045,66.8,0,1.24E-02,1.52E-01,1.64E-01,1.64E-02,0.0998,,,,,,,,
3.05,66.8,0,1.23E-02,1.47E-01,1.60E-01,1.59E-02,0.0997,,,,,,,,
3.055,66.8,0,1.48E-02,1.80E-01,1.95E-01,1.95E-02,0.0999,,,,,,,,
3.06,66.8,0,1.75E-02,2.15E-01,2.33E-01,2.33E-02,0.1,,,,,,,,
3.065,66.8,0,2.02E-02,2.49E-01,2.70E-01,2.70E-02,0.1001,,,,,,,,
3.07,66.8,0,2.16E-02,2.67E-01,2.88E-01,2.89E-02,0.1001,,,,,,,,
3.075,66.8,0,2.21E-02,2.70E-01,2.92E-01,2.93E-02,0.1001,,,,,,,,
3.08,66.8,0,1.75E-02,2.06E-01,2.23E-01,2.23E-02,0.0999,,,,,,,,
3.085,66.8,0,1.58E-02,1.83E-01,1.99E-01,1.98E-02,0.0997,,,,,,,,
3.09,66.8,0,1.37E-02,1.54E-01,1.67E-01,1.67E-02,0.0996,,,,,,,,
3.095,66.8,0,1.10E-02,1.19E-01,1.30E-01,1.29E-02,0.0993,,,,,,,,
3.1,66.8,0,1.14E-02,1.23E-01,1.35E-01,1.34E-02,0.0993,,,,,,,,
3.105,66.8,0,1.23E-02,1.33E-01,1.45E-01,1.44E-02,0.0994,,,,,,,,
3.11,66.8,0,1.53E-02,1.68E-01,1.83E-01,1.83E-02,0.0996,,,,,,,,
3.115,66.8,0,2.15E-02,2.45E-01,2.66E-01,2.66E-02,0.0999,,,,,,,,
3.12,66.8,0,3.39E-02,4.00E-01,4.34E-01,4.36E-02,0.1004,,,,,,,,
3.125,66.8,0,4.17E-02,4.98E-01,5.40E-01,5.43E-02,0.1007,,,,,,,,
3.13,66.8,0,5.34E-02,6.45E-01,6.99E-01,7.05E-02,0.101,,,,,,,,
3.135,66.8,0,5.07E-02,6.06E-01,6.57E-01,6.63E-02,0.1009,,,,,,,,
3.14,66.8,0,5.23E-02,6.20E-01,6.73E-01,6.79E-02,0.1009,,,,,,,,
3.145,66.8,0,6.79E-02,8.12E-01,8.80E-01,8.91E-02,0.1013,,,,,,,,
3.15,66.8,0,9.05E-02,1.09E+00,1.18E+00,1.19E-01,0.1016,,,,,,,,
3.155,66.8,0,1.27E-01,1.52E+00,1.65E+00,1.68E-01,0.102,,,,,,,,
3.16,66.8,0,1.59E-01,1.90E+00,2.06E+00,2.11E-01,0.1022,,,,,,,,
3.165,66.8,0,1.61E-01,1.92E+00,2.08E+00,2.12E-01,0.1021,,,,,,,,
3.17,66.8,0,1.54E-01,1.81E+00,1.97E+00,2.01E-01,0.1021,,,,,,,,
3.175,66.8,0,1.26E-01,1.46E+00,1.59E+00,1.62E-01,0.1018,,,,,,,,
3.18,66.8,0,9.25E-02,1.05E+00,1.15E+00,1.16E-01,0.1015,,,,,,,,
3.185,66.8,0,5.18E-02,5.69E-01,6.20E-01,6.25E-02,0.1007,,,,,,,,
3.19,66.8,0,2.46E-02,2.51E-01,2.76E-01,2.75E-02,0.0998,,,,,,,,
3.195,66.8,0,9.27E-03,8.39E-02,9.32E-02,9.19E-03,0.0986,,,,,,,,
3.2,66.8,0,9.32E-03,8.37E-02,9.30E-02,9.17E-03,0.0986,,,,,,,,
3.205,66.8,0,4.78E-03,3.93E-02,4.41E-02,4.31E-03,0.0977,,,,,,,,
3.21,66.8,0,3.45E-03,2.70E-02,3.05E-02,2.96E-03,0.0973,,,,,,,,
3.215,66.8,0,3.52E-03,2.77E-02,3.12E-02,3.03E-03,0.0973,,,,,,,,
3.22,66.8,0,5.34E-03,4.44E-02,4.98E-02,4.87E-03,0.0979,,,,,,,,
3.225,66.8,0,8.16E-03,7.17E-02,7.98E-02,7.86E-03,0.0984,,,,,,,,
3.23,66.8,0,1.26E-02,1.16E-01,1.29E-01,1.28E-02,0.099,,,,,,,,
3.235,66.8,0,2.08E-02,2.03E-01,2.24E-01,2.23E-02,0.0996,,,,,,,,
3.24,66.8,0,2.71E-02,2.72E-01,2.99E-01,2.99E-02,0.0999,,,,,,,,
3.245,66.8,0,2.82E-02,2.84E-01,3.12E-01,3.12E-02,0.1,,,,,,,,
3.25,66.8,0,3.22E-02,3.28E-01,3.60E-01,3.60E-02,0.1001,,,,,,,,
3.255,66.8,0,2.84E-02,2.85E-01,3.13E-01,3.13E-02,0.1,,,,,,,,
3.26,66.8,0,2.51E-02,2.48E-01,2.73E-01,2.73E-02,0.0998,,,,,,,,
3.265,66.8,0,2.95E-02,2.96E-01,3.26E-01,3.26E-02,0.1,,,,,,,,
3.27,66.8,0,3.94E-02,4.05E-01,4.44E-01,4.46E-02,0.1004,,,,,,,,
3.275,66.8,0,5.11E-02,5.34E-01,5.85E-01,5.89E-02,0.1007,,,,,,,,
3.28,66.8,0,6.51E-02,6.88E-01,7.53E-01,7.61E-02,0.101,,,,,,,,
3.285,66.8,0,6.41E-02,6.76E-01,7.40E-01,7.47E-02,0.101,,,,,,,,
3.29,66.8,0,5.28E-02,5.50E-01,6.03E-01,6.07E-02,0.1008,,,,,,,,
3.295,66.8,0,4.06E-02,4.16E-01,4.56E-01,4.58E-02,0.1004,,,,,,,,
3.3,66.8,0,4.16E-02,4.26E-01,4.68E-01,4.70E-02,0.1005,,,,,,,,
3.305,66.8,0,3.30E-02,3.34E-01,3.67E-01,3.68E-02,0.1003,,,,,,,,
3.31,66.8,0,2.56E-02,2.56E-01,2.81E-01,2.82E-02,0.1002,,,,,,,,
3.315,66.8,0,2.42E-02,2.43E-01,2.67E-01,2.68E-02,0.1003,,,,,,,,
3.32,66.8,0,3.16E-02,3.22E-01,3.53E-01,3.55E-02,0.1005,,,,,,,,
3.325,66.8,0,4.87E-02,5.07E-01,5.55E-01,5.60E-02,0.1009,,,,,,,,
3.33,66.8,0,6.83E-02,7.18E-01,7.86E-01,7.96E-02,0.1013,,,,,,,,
3.335,66.8,0,8.30E-02,8.75E-01,9.58E-01,9.74E-02,0.1016,,,,,,,,
3.34,66.8,0,8.53E-02,8.98E-01,9.83E-01,9.99E-02,0.1016,,,,,,,,
3.345,66.8,0,9.09E-02,9.57E-01,1.05E+00,1.07E-01,0.1017,,,,,,,,
3.35,66.8,0,9.07E-02,9.54E-01,1.04E+00,1.06E-01,0.1017,,,,,,,,
3.355,66.8,0,9.21E-02,9.68E-01,1.06E+00,1.08E-01,0.1018,,,,,,,,
3.36,66.8,0,1.04E-01,1.09E+00,1.20E+00,1.22E-01,0.102,,,,,,,,
3.365,66.8,0,1.18E-01,1.23E+00,1.35E+00,1.38E-01,0.1023,,,,,,,,
3.37,66.8,0,1.40E-01,1.47E+00,1.61E+00,1.65E-01,0.1026,,,,,,,,
3.375,66.8,0,1.61E-01,1.69E+00,1.85E+00,1.90E-01,0.1029,,,,,,,,
3.38,66.8,0,1.86E-01,1.94E+00,2.13E+00,2.20E-01,0.1031,,,,,,,,
3.385,66.8,0,2.01E-01,2.09E+00,2.29E+00,2.37E-01,0.1033,,,,,,,,
3.39,66.8,0,2.13E-01,2.21E+00,2.42E+00,2.50E-01,0.1034,,,,,,,,
3.395,66.8,0,2.12E-01,2.20E+00,2.41E+00,2.49E-01,0.1034,,,,,,,,
3.4,66.8,0,2.15E-01,2.24E+00,2.45E+00,2.54E-01,0.1035,,,,,,,,
3.405,66.8,0,2.21E-01,2.29E+00,2.52E+00,2.60E-01,0.1035,,,,,,,,
3.41,66.8,0,2.33E-01,2.42E+00,2.65E+00,2.75E-01,0.1036,,,,,,,,
3.415,66.8,0,2.53E-01,2.63E+00,2.89E+00,3.00E-01,0.1038,,,,,,,,
3.42,66.8,0,2.64E-01,2.75E+00,3.01E+00,3.13E-01,0.1039,,,,,,,,
3.425,66.8,0,2.76E-01,2.87E+00,3.15E+00,3.27E-01,0.1041,,,,,,,,
3.43,66.8,0,2.74E-01,2.85E+00,3.13E+00,3.26E-01,0.1041,,,,,,,,
3.435,66.8,0,2.73E-01,2.85E+00,3.12E+00,3.25E-01,0.1041,,,,,,,,
3.44,66.8,0,2.73E-01,2.84E+00,3.11E+00,3.24E-01,0.1041,,,,,,,,
3.445,66.8,0,2.75E-01,2.86E+00,3.14E+00,3.27E-01,0.1041,,,,,,,,
3.45,66.8,0,2.78E-01,2.90E+00,3.18E+00,3.31E-01,0.1041,,,,,,,,
3.455,66.8,0,2.83E-01,2.95E+00,3.23E+00,3.37E-01,0.1042,,,,,,,,
3.46,66.8,0,2.82E-01,2.94E+00,3.22E+00,3.35E-01,0.1042,,,,,,,,
3.465,66.8,0,2.84E-01,2.96E+00,3.25E+00,3.38E-01,0.1043,,,,,,,,
3.47,66.8,0,2.81E-01,2.94E+00,3.22E+00,3.36E-01,0.1042,,,,,,,,
3.475,66.8,0,2.80E-01,2.93E+00,3.21E+00,3.35E-01,0.1043,,,,,,,,
3.48,66.8,0,2.80E-01,2.93E+00,3.21E+00,3.35E-01,0.1043,,,,,,,,
3.485,66.8,0,2.81E-01,2.94E+00,3.22E+00,3.36E-01,0.1043,,,,,,,,
3.49,66.8,0,2.80E-01,2.93E+00,3.21E+00,3.35E-01,0.1043,,,,,,,,
3.495,66.8,0,2.84E-01,2.98E+00,3.26E+00,3.40E-01,0.1043,,,,,,,,
3.5,66.8,0,2.86E-01,2.99E+00,3.28E+00,3.42E-01,0.1044,,,,,,,,
3.505,66.8,0,2.84E-01,2.98E+00,3.27E+00,3.41E-01,0.1043,,,,,,,,
3.51,66.8,0,2.77E-01,2.93E+00,3.20E+00,3.34E-01,0.1043,,,,,,,,
3.515,66.8,0,2.66E-01,2.82E+00,3.08E+00,3.21E-01,0.1042,,,,,,,,
3.52,66.8,0,2.64E-01,2.80E+00,3.07E+00,3.20E-01,0.1042,,,,,,,,
3.525,66.8,0,2.51E-01,2.68E+00,2.93E+00,3.05E-01,0.1041,,,,,,,,
3.53,66.8,0,2.36E-01,2.54E+00,2.77E+00,2.88E-01,0.104,,,,,,,,
3.535,66.8,0,2.25E-01,2.42E+00,2.65E+00,2.75E-01,0.1039,,,,,,,,
3.54,66.8,0,2.21E-01,2.39E+00,2.61E+00,2.71E-01,0.1039,,,,,,,,
3.545,66.8,0,2.20E-01,2.38E+00,2.60E+00,2.70E-01,0.1039,,,,,,,,
3.55,66.8,0,2.17E-01,2.36E+00,2.57E+00,2.67E-01,0.1039,,,,,,,,
3.555,66.8,0,2.18E-01,2.38E+00,2.60E+00,2.70E-01,0.1039,,,,,,,,
3.56,66.8,0,2.19E-01,2.39E+00,2.61E+00,2.71E-01,0.1039,,,,,,,,
3.565,66.8,0,2.17E-01,2.38E+00,2.60E+00,2.70E-01,0.1039,,,,,,,,
3.57,66.8,0,2.10E-01,2.32E+00,2.53E+00,2.62E-01,0.1039,,,,,,,,
3.575,66.8,0,2.09E-01,2.31E+00,2.52E+00,2.62E-01,0.1039,,,,,,,,
3.58,66.8,0,2.10E-01,2.32E+00,2.53E+00,2.63E-01,0.1039,,,,,,,,
3.585,66.8,0,2.12E-01,2.35E+00,2.57E+00,2.67E-01,0.1039,,,,,,,,
3.59,66.8,0,2.11E-01,2.35E+00,2.56E+00,2.66E-01,0.1039,,,,,,,,
3.595,66.8,0,2.20E-01,2.45E+00,2.67E+00,2.78E-01,0.104,,,,,,,,
3.6,66.8,0,2.29E-01,2.56E+00,2.79E+00,2.90E-01,0.1041,,,,,,,,
3.605,66.8,0,2.34E-01,2.62E+00,2.85E+00,2.97E-01,0.1041,,,,,,,,
3.61,66.8,0,2.32E-01,2.61E+00,2.84E+00,2.96E-01,0.1041,,,,,,,,
3.615,66.8,0,2.40E-01,2.70E+00,2.94E+00,3.06E-01,0.1042,,,,,,,,
3.62,66.8,0,2.47E-01,2.78E+00,3.03E+00,3.16E-01,0.1043,,,,,,,,
3.625,66.8,0,2.50E-01,2.82E+00,3.07E+00,3.20E-01,0.1044,,,,,,,,
3.63,66.8,0,2.58E-01,2.90E+00,3.16E+00,3.30E-01,0.1045,,,,,,,,
3.635,66.8,0,2.56E-01,2.89E+00,3.15E+00,3.29E-01,0.1045,,,,,,,,
3.64,66.8,0,2.60E-01,2.94E+00,3.20E+00,3.35E-01,0.1045,,,,,,,,
3.645,66.8,0,2.55E-01,2.89E+00,3.15E+00,3.29E-01,0.1045,,,,,,,,
3.65,66.8,0,2.43E-01,2.78E+00,3.02E+00,3.15E-01,0.1044,,,,,,,,
3.655,66.8,0,2.42E-01,2.77E+00,3.01E+00,3.14E-01,0.1044,,,,,,,,
3.66,66.8,0,2.20E-01,2.55E+00,2.77E+00,2.88E-01,0.1041,,,,,,,,
3.665,66.8,0,1.96E-01,2.28E+00,2.48E+00,2.57E-01,0.1039,,,,,,,,
3.67,66.8,0,1.85E-01,2.17E+00,2.36E+00,2.44E-01,0.1038,,,,,,,,
3.675,66.8,0,1.84E-01,2.16E+00,2.34E+00,2.43E-01,0.1038,,,,,,,,
3.68,66.8,0,1.93E-01,2.27E+00,2.46E+00,2.56E-01,0.1039,,,,,,,,
3.685,66.8,0,2.09E-01,2.46E+00,2.67E+00,2.78E-01,0.1041,,,,,,,,
3.69,66.8,0,2.08E-01,2.45E+00,2.66E+00,2.77E-01,0.1041,,,,,,,,
3.695,66.8,0,2.27E-01,2.66E+00,2.89E+00,3.02E-01,0.1044,,,,,,,,
3.7,66.8,0,2.39E-01,2.81E+00,3.05E+00,3.19E-01,0.1045,,,,,,,,
3.705,66.8,0,2.39E-01,2.81E+00,3.05E+00,3.19E-01,0.1045,,,,,,,,
3.71,66.8,0,2.37E-01,2.80E+00,3.04E+00,3.17E-01,0.1045,,,,,,,,
3.715,66.8,0,2.35E-01,2.78E+00,3.01E+00,3.15E-01,0.1045,,,,,,,,
3.72,66.8,0,2.32E-01,2.75E+00,2.98E+00,3.12E-01,0.1045,,,,,,,,
3.725,66.8,0,2.25E-01,2.68E+00,2.91E+00,3.03E-01,0.1044,,,,,,,,
3.73,66.8,0,2.23E-01,2.67E+00,2.89E+00,3.02E-01,0.1044,,,,,,,,
3.735,66.8,0,2.19E-01,2.63E+00,2.85E+00,2.98E-01,0.1044,,,,,,,,
3.74,66.8,0,2.16E-01,2.60E+00,2.82E+00,2.94E-01,0.1044,,,,,,,,
3.745,66.8,0,2.14E-01,2.59E+00,2.80E+00,2.93E-01,0.1044,,,,,,,,
3.75,66.8,0,2.08E-01,2.53E+00,2.74E+00,2.86E-01,0.1043,,,,,,,,
3.755,66.8,0,2.06E-01,2.51E+00,2.71E+00,2.83E-01,0.1043,,,,,,,,
3.76,66.8,0,2.04E-01,2.49E+00,2.69E+00,2.81E-01,0.1043,,,,,,,,
3.765,66.8,0,2.02E-01,2.48E+00,2.68E+00,2.80E-01,0.1043,,,,,,,,
3.77,66.8,0,2.00E-01,2.46E+00,2.66E+00,2.78E-01,0.1043,,,,,,,,
3.775,66.8,0,2.03E-01,2.50E+00,2.70E+00,2.82E-01,0.1044,,,,,,,,
3.78,66.8,0,2.01E-01,2.49E+00,2.69E+00,2.80E-01,0.1044,,,,,,,,
3.785,66.8,0,2.01E-01,2.49E+00,2.69E+00,2.81E-01,0.1044,,,,,,,,
3.79,66.8,0,2.02E-01,2.51E+00,2.71E+00,2.83E-01,0.1044,,,,,,,,
3.795,66.8,0,2.01E-01,2.50E+00,2.70E+00,2.82E-01,0.1044,,,,,,,,
3.8,66.8,0,2.05E-01,2.55E+00,2.75E+00,2.88E-01,0.1045,,,,,,,,
3.805,66.8,0,2.05E-01,2.56E+00,2.76E+00,2.89E-01,0.1045,,,,,,,,
3.81,66.8,0,2.07E-01,2.60E+00,2.81E+00,2.93E-01,0.1045,,,,,,,,
3.815,66.8,0,2.06E-01,2.59E+00,2.79E+00,2.92E-01,0.1045,,,,,,,,
3.82,66.8,0,2.09E-01,2.63E+00,2.84E+00,2.97E-01,0.1045,,,,,,,,
3.825,66.8,0,2.07E-01,2.61E+00,2.82E+00,2.94E-01,0.1045,,,,,,,,
3.83,66.8,0,2.05E-01,2.60E+00,2.81E+00,2.93E-01,0.1045,,,,,,,,
3.835,66.8,0,2.02E-01,2.57E+00,2.77E+00,2.90E-01,0.1045,,,,,,,,
3.84,66.8,0,1.97E-01,2.52E+00,2.72E+00,2.84E-01,0.1045,,,,,,,,
3.845,66.8,0,1.96E-01,2.52E+00,2.71E+00,2.83E-01,0.1045,,,,,,,,
3.85,66.8,0,1.88E-01,2.43E+00,2.62E+00,2.73E-01,0.1043,,,,,,,,
3.855,66.8,0,1.80E-01,2.34E+00,2.52E+00,2.63E-01,0.1043,,,,,,,,
3.86,66.8,0,1.79E-01,2.33E+00,2.51E+00,2.62E-01,0.1043,,,,,,,,
3.865,66.8,0,1.72E-01,2.25E+00,2.42E+00,2.52E-01,0.1042,,,,,,,,
3.87,66.8,0,1.65E-01,2.17E+00,2.34E+00,2.43E-01,0.1042,,,,,,,,
3.875,66.8,0,1.64E-01,2.17E+00,2.33E+00,2.43E-01,0.1042,,,,,,,,
3.88,66.8,0,1.63E-01,2.15E+00,2.32E+00,2.42E-01,0.1042,,,,,,,,
3.885,66.8,0,1.65E-01,2.19E+00,2.35E+00,2.45E-01,0.1042,,,,,,,,
3.89,66.8,0,1.64E-01,2.18E+00,2.34E+00,2.44E-01,0.1042,,,,,,,,
3.895,66.8,0,1.67E-01,2.22E+00,2.39E+00,2.49E-01,0.1043,,,,,,,,
3.9,66.8,0,1.68E-01,2.24E+00,2.41E+00,2.51E-01,0.1043,,,,,,,,
3.905,66.8,0,1.67E-01,2.23E+00,2.40E+00,2.50E-01,0.1042,,,,,,,,
3.91,66.8,0,1.66E-01,2.23E+00,2.40E+00,2.50E-01,0.1042,,,,,,,,
3.915,66.8,0,1.66E-01,2.24E+00,2.41E+00,2.51E-01,0.1041,,,,,,,,
3.92,66.8,0,1.65E-01,2.23E+00,2.40E+00,2.50E-01,0.104,,,,,,,,
3.925,66.8,0,1.67E-01,2.26E+00,2.43E+00,2.52E-01,0.104,,,,,,,,
3.93,66.8,0,1.70E-01,2.31E+00,2.48E+00,2.57E-01,0.1039,,,,,,,,
3.935,66.8,0,1.69E-01,2.30E+00,2.47E+00,2.56E-01,0.1038,,,,,,,,
3.94,66.8,0,1.72E-01,2.35E+00,2.52E+00,2.62E-01,0.1038,,,,,,,,
3.945,66.8,0,1.80E-01,2.46E+00,2.64E+00,2.74E-01,0.1038,,,,,,,,
3.95,66.8,0,1.79E-01,2.45E+00,2.63E+00,2.73E-01,0.1037,,,,,,,,
3.955,66.8,0,1.76E-01,2.42E+00,2.60E+00,2.69E-01,0.1036,,,,,,,,
3.96,66.8,0,1.74E-01,2.41E+00,2.59E+00,2.68E-01,0.1035,,,,,,,,
3.965,66.8,0,1.74E-01,2.41E+00,2.58E+00,2.67E-01,0.1034,,,,,,,,
3.97,66.8,0,1.71E-01,2.38E+00,2.55E+00,2.64E-01,0.1033,,,,,,,,
3.975,66.8,0,1.70E-01,2.37E+00,2.54E+00,2.63E-01,0.1033,,,,,,,,
3.98,66.8,0,1.65E-01,2.32E+00,2.49E+00,2.57E-01,0.1031,,,,,,,,
3.985,66.8,0,1.62E-01,2.29E+00,2.45E+00,2.53E-01,0.103,,,,,,,,
3.99,66.8,0,1.61E-01,2.28E+00,2.44E+00,2.51E-01,0.103,,,,,,,,
3.995,66.8,0,1.53E-01,2.18E+00,2.33E+00,2.40E-01,0.1028,,,,,,,,
4,66.8,0,1.52E-01,2.17E+00,2.32E+00,2.39E-01,0.1027,,,,,,,,
4.005,0,1.93E-01,1.63E+00,,,,,,,,,,,,
4.01,0,2.02E-01,1.64E+00,,,,,,,,,,,,
4.015,0,2.14E-01,1.66E+00,,,,,,,,,,,,
4.02,0,2.20E-01,1.68E+00,,,,,,,,,,,,
4.025,0,2.41E-01,1.69E+00,,,,,,,,,,,,
4.03,0,2.47E-01,1.71E+00,,,,,,,,,,,,
4.035,0,2.62E-01,1.72E+00,,,,,,,,,,,,
4.04,0,2.65E-01,1.74E+00,,,,,,,,,,,,
4.045,0,2.79E-01,1.76E+00,,,,,,,,,,,,
4.05,0,3.03E-01,1.77E+00,,,,,,,,,,,,
4.055,0,2.97E-01,1.79E+00,,,,,,,,,,,,
4.06,0,3.16E-01,1.81E+00,,,,,,,,,,,,
4.065,0,3.16E-01,1.82E+00,,,,,,,,,,,,
4.07,0,3.31E-01,1.84E+00,,,,,,,,,,,,
4.075,0,3.59E-01,1.86E+00,,,,,,,,,,,,
4.08,0,3.63E-01,1.87E+00,,,,,,,,,,,,
4.085,0,3.89E-01,1.89E+00,,,,,,,,,,,,
4.09,0,4.05E-01,1.91E+00,,,,,,,,,,,,
4.095,0,4.09E-01,1.92E+00,,,,,,,,,,,,
4.1,0,4.26E-01,1.94E+00,,,,,,,,,,,,
4.105,0,4.29E-01,1.96E+00,,,,,,,,,,,,
4.11,0,4.47E-01,1.98E+00,,,,,,,,,,,,
4.115,0,4.54E-01,1.99E+00,,,,,,,,,,,,
4.12,0,4.75E-01,2.01E+00,,,,,,,,,,,,
4.125,0,5.03E-01,2.03E+00,,,,,,,,,,,,
4.13,0,5.07E-01,2.05E+00,,,,,,,,,,,,
4.135,0,5.48E-01,2.06E+00,,,,,,,,,,,,
4.14,0,5.51E-01,2.08E+00,,,,,,,,,,,,
4.145,0,5.95E-01,2.10E+00,,,,,,,,,,,,
4.15,0,6.44E-01,2.12E+00,,,,,,,,,,,,
4.155,0,6.50E-01,2.14E+00,,,,,,,,,,,,
4.16,0,7.14E-01,2.16E+00,,,,,,,,,,,,
4.165,0,7.20E-01,2.18E+00,,,,,,,,,,,,
4.17,0,8.43E-01,2.20E+00,,,,,,,,,,,,
4.175,0,8.51E-01,2.22E+00,,,,,,,,,,,,
4.18,0,1.24E+00,2.26E+00,,,,,,,,,,,,
4.185,0,1.39E+00,2.28E+00,,,,,,,,,,,,
4.19,0,1.40E+00,2.30E+00,,,,,,,,,,,,
4.195,0,1.50E+00,2.32E+00,,,,,,,,,,,,
4.2,0,1.51E+00,2.34E+00,,,,,,,,,,,,
4.205,0,1.53E+00,2.36E+00,,,,,,,,,,,,
4.21,0,1.54E+00,2.38E+00,,,,,,,,,,,,
4.215,0,1.56E+00,2.40E+00,,,,,,,,,,,,
4.22,0,1.57E+00,2.41E+00,,,,,,,,,,,,
4.225,0,1.58E+00,2.43E+00,,,,,,,,,,,,
4.23,0,1.60E+00,2.45E+00,,,,,,,,,,,,
4.235,0,1.61E+00,2.47E+00,,,,,,,,,,,,
4.24,0,1.62E+00,2.49E+00,,,,,,,,,,,,
4.245,0,1.64E+00,2.51E+00,,,,,,,,,,,,
4.25,0,1.65E+00,2.53E+00,,,,,,,,,,,,
4.255,0,1.66E+00,2.55E+00,,,,,,,,,,,,
4.26,0,1.68E+00,2.57E+00,,,,,,,,,,,,
4.265,0,1.69E+00,2.59E+00,,,,,,,,,,,,
4.27,0,1.71E+00,2.61E+00,,,,,,,,,,,,
4.275,0,1.72E+00,2.63E+00,,,,,,,,,,,,
4.28,0,1.73E+00,2.65E+00,,,,,,,,,,,,
4.285,0,1.75E+00,2.67E+00,,,,,,,,,,,,
4.29,0,1.76E+00,2.69E+00,,,,,,,,,,,,
4.295,0,1.78E+00,2.71E+00,,,,,,,,,,,,
4.3,0,1.79E+00,2.73E+00,,,,,,,,,,,,
4.305,0,1.80E+00,2.75E+00,,,,,,,,,,,,
4.31,0,1.82E+00,2.77E+00,,,,,,,,,,,,
4.315,0,1.83E+00,2.79E+00,,,,,,,,,,,,
4.32,0,1.84E+00,2.81E+00,,,,,,,,,,,,
4.325,0,1.86E+00,2.83E+00,,,,,,,,,,,,
4.33,0,1.87E+00,2.85E+00,,,,,,,,,,,,
4.335,0,1.89E+00,2.88E+00,,,,,,,,,,,,
4.34,0,1.90E+00,2.90E+00,,,,,,,,,,,,
4.345,0,1.91E+00,2.92E+00,,,,,,,,,,,,
4.35,0,1.92E+00,2.94E+00,,,,,,,,,,,,
4.355,0,1.94E+00,2.96E+00,,,,,,,,,,,,
4.36,0,1.94E+00,2.98E+00,,,,,,,,,,,,
4.365,0,1.96E+00,3.00E+00,,,,,,,,,,,,
4.37,0,1.89E+00,3.02E+00,,,,,,,,,,,,
4.375,0,1.90E+00,3.04E+00,,,,,,,,,,,,
4.38,0,1.90E+00,3.06E+00,,,,,,,,,,,,
4.385,0,1.91E+00,3.09E+00,,,,,,,,,,,,
4.39,0,1.91E+00,3.11E+00,,,,,,,,,,,,
4.395,0,1.93E+00,3.13E+00,,,,,,,,,,,,
4.4,0,1.93E+00,3.15E+00,,,,,,,,,,,,
4.405,0,1.94E+00,3.17E+00,,,,,,,,,,,,
4.41,0,1.94E+00,3.19E+00,,,,,,,,,,,,
4.415,0,1.96E+00,3.22E+00,,,,,,,,,,,,
4.42,0,1.95E+00,3.24E+00,,,,,,,,,,,,
4.425,0,1.94E+00,3.26E+00,,,,,,,,,,,,
4.43,0,1.95E+00,3.28E+00,,,,,,,,,,,,
4.435,0,1.94E+00,3.30E+00,,,,,,,,,,,,
4.44,0,1.95E+00,3.33E+00,,,,,,,,,,,,
4.445,0,1.93E+00,3.35E+00,,,,,,,,,,,,
4.45,0,1.95E+00,3.37E+00,,,,,,,,,,,,
4.455,0,1.93E+00,3.39E+00,,,,,,,,,,,,
4.46,0,1.94E+00,3.42E+00,,,,,,,,,,,,
4.465,0,1.92E+00,3.44E+00,,,,,,,,,,,,
4.47,0,1.93E+00,3.46E+00,,,,,,,,,,,,
4.475,0,1.89E+00,3.48E+00,,,,,,,,,,,,
4.48,0,1.91E+00,3.51E+00,,,,,,,,,,,,
4.485,0,1.86E+00,3.53E+00,,,,,,,,,,,,
4.49,0,1.87E+00,3.55E+00,,,,,,,,,,,,
4.495,0,1.85E+00,3.57E+00,,,,,,,,,,,,
4.5,0,1.86E+00,3.60E+00,,,,,,,,,,,,
4.505,0,1.86E+00,3.62E+00,,,,,,,,,,,,
4.51,0,1.87E+00,3.64E+00,,,,,,,,,,,,
4.515,0,1.86E+00,3.67E+00,,,,,,,,,,,,
4.52,0,1.87E+00,3.69E+00,,,,,,,,,,,,
4.525,0,1.85E+00,3.71E+00,,,,,,,,,,,,
4.53,0,1.86E+00,3.74E+00,,,,,,,,,,,,
4.535,0,1.88E+00,3.76E+00,,,,,,,,,,,,
4.54,0,1.81E+00,3.78E+00,,,,,,,,,,,,
4.545,0,1.82E+00,3.81E+00,,,,,,,,,,,,
4.55,0,1.72E+00,3.83E+00,,,,,,,,,,,,
4.555,0,1.73E+00,3.85E+00,,,,,,,,,,,,
4.56,0,1.59E+00,3.87E+00,,,,,,,,,,,,
4.565,0,1.60E+00,3.89E+00,,,,,,,,,,,,
4.57,0,1.45E+00,3.91E+00,,,,,,,,,,,,
4.575,0,1.45E+00,3.93E+00,,,,,,,,,,,,
4.58,0,1.29E+00,3.95E+00,,,,,,,,,,,,
4.585,0,1.31E+00,3.97E+00,,,,,,,,,,,,
4.59,0,1.19E+00,3.99E+00,,,,,,,,,,,,
4.595,0,1.21E+00,4.02E+00,,,,,,,,,,,,
4.6,0,1.12E+00,4.04E+00,,,,,,,,,,,,
4.605,0,1.14E+00,4.06E+00,,,,,,,,,,,,
4.61,0,1.10E+00,4.08E+00,,,,,,,,,,,,
4.615,0,1.11E+00,4.11E+00,,,,,,,,,,,,
4.62,0,1.06E+00,4.13E+00,,,,,,,,,,,,
4.625,0,1.10E+00,4.16E+00,,,,,,,,,,,,
4.63,0,1.13E+00,4.18E+00,,,,,,,,,,,,
4.635,0,1.11E+00,4.21E+00,,,,,,,,,,,,
4.64,0,1.13E+00,4.23E+00,,,,,,,,,,,,
4.645,0,1.14E+00,4.26E+00,,,,,,,,,,,,
4.65,0,1.15E+00,4.28E+00,,,,,,,,,,,,
4.655,0,1.15E+00,4.31E+00,,,,,,,,,,,,
4.66,0,1.19E+00,4.34E+00,,,,,,,,,,,,
4.665,0,1.20E+00,4.36E+00,,,,,,,,,,,,
4.67,0,1.21E+00,4.39E+00,,,,,,,,,,,,
4.675,0,1.24E+00,4.42E+00,,,,,,,,,,,,
4.68,0,1.25E+00,4.44E+00,,,,,,,,,,,,
4.685,0,1.28E+00,4.47E+00,,,,,,,,,,,,
4.69,0,1.29E+00,4.50E+00,,,,,,,,,,,,
4.695,0,1.36E+00,4.53E+00,,,,,,,,,,,,
4.7,0,1.37E+00,4.55E+00,,,,,,,,,,,,
4.705,0,1.38E+00,4.58E+00,,,,,,,,,,,,
4.71,0,1.40E+00,4.61E+00,,,,,,,,,,,,
4.715,0,1.42E+00,4.63E+00,,,,,,,,,,,,
4.72,0,1.47E+00,4.66E+00,,,,,,,,,,,,
4.725,0,1.48E+00,4.69E+00,,,,,,,,,,,,
4.73,0,1.51E+00,4.72E+00,,,,,,,,,,,,
4.735,0,1.52E+00,4.75E+00,,,,,,,,,,,,
4.74,0,1.59E+00,4.78E+00,,,,,,,,,,,,
4.745,0,1.60E+00,4.80E+00,,,,,,,,,,,,
4.75,0,1.61E+00,4.83E+00,,,,,,,,,,,,
4.755,0,1.66E+00,4.86E+00,,,,,,,,,,,,
4.76,0,1.68E+00,4.89E+00,,,,,,,,,,,,
4.765,0,1.76E+00,4.92E+00,,,,,,,,,,,,
4.77,0,1.78E+00,4.95E+00,,,,,,,,,,,,
4.775,0,1.87E+00,4.98E+00,,,,,,,,,,,,
4.78,0,1.88E+00,5.01E+00,,,,,,,,,,,,
4.785,0,1.94E+00,5.04E+00,,,,,,,,,,,,
4.79,0,1.95E+00,5.07E+00,,,,,,,,,,,,
4.795,0,1.96E+00,5.09E+00,,,,,,,,,,,,
4.8,0,2.05E+00,5.13E+00,,,,,,,,,,,,
4.805,0,2.06E+00,5.15E+00,,,,,,,,,,,,
4.81,0,2.18E+00,5.19E+00,,,,,,,,,,,,
4.815,0,2.20E+00,5.22E+00,,,,,,,,,,,,
4.82,0,2.24E+00,5.24E+00,,,,,,,,,,,,
4.825,0,2.25E+00,5.27E+00,,,,,,,,,,,,
4.83,0,2.27E+00,5.30E+00,,,,,,,,,,,,
4.835,0,2.32E+00,5.33E+00,,,,,,,,,,,,
4.84,0,2.33E+00,5.36E+00,,,,,,,,,,,,
4.845,0,2.29E+00,5.39E+00,,,,,,,,,,,,
4.85,0,2.30E+00,5.42E+00,,,,,,,,,,,,
4.855,0,2.27E+00,5.44E+00,,,,,,,,,,,,
4.86,0,2.29E+00,5.47E+00,,,,,,,,,,,,
4.865,0,2.30E+00,5.50E+00,,,,,,,,,,,,
4.87,0,2.28E+00,5.53E+00,,,,,,,,,,,,
4.875,0,2.29E+00,5.56E+00,,,,,,,,,,,,
4.88,0,2.35E+00,5.59E+00,,,,,,,,,,,,
4.885,0,2.38E+00,5.62E+00,,,,,,,,,,,,
4.89,0,2.40E+00,5.65E+00,,,,,,,,,,,,
4.895,0,2.41E+00,5.68E+00,,,,,,,,,,,,
4.9,0,2.46E+00,5.71E+00,,,,,,,,,,,,
4.905,0,2.53E+00,5.74E+00,,,,,,,,,,,,
4.91,0,2.53E+00,5.77E+00,,,,,,,,,,,,
4.915,0,2.62E+00,5.80E+00,,,,,,,,,,,,
4.92,0,2.65E+00,5.83E+00,,,,,,,,,,,,
4.925,0,2.67E+00,5.86E+00,,,,,,,,,,,,
4.93,0,2.84E+00,5.90E+00,,,,,,,,,,,,
4.935,0,2.87E+00,5.93E+00,,,,,,,,,,,,
4.94,0,2.98E+00,5.96E+00,,,,,,,,,,,,
4.945,0,3.00E+00,5.99E+00,,,,,,,,,,,,
4.95,0,3.05E+00,6.03E+00,,,,,,,,,,,,
4.955,0,3.15E+00,6.06E+00,,,,,,,,,,,,
4.96,0,3.16E+00,6.09E+00,,,,,,,,,,,,
4.965,0,3.18E+00,6.12E+00,,,,,,,,,,,,
4.97,0,3.18E+00,6.15E+00,,,,,,,,,,,,
4.975,0,3.23E+00,6.18E+00,,,,,,,,,,,,
4.98,0,3.31E+00,6.21E+00,,,,,,,,,,,,
4.985,0,3.32E+00,6.25E+00,,,,,,,,,,,,
4.99,0,3.43E+00,6.28E+00,,,,,,,,,,,,
4.995,0,3.43E+00,6.31E+00,,,,,,,,,,,,
5,0,3.49E+00,6.34E+00,,,,,,,,,,,,
